Symbol,Price~,Type,Strike,"Exp Date",DTE,Bid,Mid,Ask,Last,Volume,"Open Int","OI Chg",IV,Time
SPY,430.61,Put,355,2023-12-08,36,0.24,0.25,0.25,0.25,965,70212,"+69,896",30.11%,"14:51 ET"
XLU,61.7,Call,65,2024-01-19,78,0.82,0.83,0.84,0.84,718,67857,"+65,017",17.12%,"14:57 ET"
HYG,73.72,Put,70,2024-01-19,78,0.24,0.27,0.29,0.25,20645,336318,"+50,848",11.35%,"15:07 ET"
SPY,430.61,Put,402,2023-12-15,43,1.97,1.98,1.98,2.05,51044,66676,"+41,102",19.68%,"14:56 ET"
SPY,430.61,Put,370,2023-12-08,36,0.36,0.37,0.37,0.37,840,35194,"+34,906",26.19%,"15:01 ET"
TLT,86.88,Call,90,2024-03-15,134,3,3.05,3.1,3.06,6445,54638,"+22,679",18.13%,"15:11 ET"
IWM,169.72,Call,173,2023-12-15,43,3.3,3.31,3.32,3.19,563,33960,"+21,126",19.34%,"15:02 ET"
SPY,430.61,Put,415,2023-11-17,15,1.08,1.09,1.09,1.08,21632,108368,"+19,937",17.53%,"15:15 ET"
IWM,169.72,Call,170,2023-11-06,4,0.99,1,1.01,1,14089,18129,"+17,492",16.96%,"15:15 ET"
TLT,86.88,Call,85,2023-12-15,43,3.6,3.65,3.7,3.57,6843,28644,"+15,721",19.59%,"15:06 ET"
SPY,430.61,Put,400,2023-11-17,15,0.35,0.36,0.36,0.35,20987,200128,"+15,365",21.97%,"15:15 ET"
HYG,73.72,Call,75,2024-01-19,78,0.26,0.27,0.28,0.27,21673,65935,"+14,884",4.12%,"15:14 ET"
HYG,73.72,Call,75,2023-12-15,43,0.21,0.22,0.23,0.21,46370,256421,"+13,689",5.63%,"15:02 ET"
IWM,169.72,Call,190,2023-12-15,43,0.22,0.23,0.24,0.23,11282,90275,"+13,554",19.07%,"15:12 ET"
TLT,86.88,Put,85,2023-12-15,43,1.57,1.58,1.59,1.58,6161,31892,"+12,580",21.83%,"15:02 ET"
TNA,24.85,Call,23.5,2023-11-10,8,1.68,1.69,1.71,1.6,1840,11742,"+11,387",63.90%,"15:02 ET"
KWEB,26.29,Put,24.5,2023-11-17,15,0.13,0.15,0.16,0.14,5825,11402,"+10,855",34.53%,"14:37 ET"
TLT,86.88,Call,90,2023-12-29,57,1.51,1.53,1.54,1.52,1857,38687,"+10,698",18.55%,"15:11 ET"
HYG,73.72,Put,66,2024-01-19,78,0.06,0.08,0.11,0.1,5106,36596,"+10,029",15.35%,"10:56 ET"
SPY,430.61,Call,426,2023-11-02,0,4.41,4.46,4.51,4.35,32471,12894,"+10,002",0.00%,"15:12 ET"
SPY,430.61,Put,399,2023-11-17,15,0.33,0.34,0.34,0.34,1168,26551,"+9,383",22.44%,"15:12 ET"
KRE,42,Put,38,2023-11-17,15,0.12,0.13,0.13,0.13,520,43493,"+9,285",37.43%,"15:14 ET"
TLT,86.88,Call,87.5,2023-11-03,1,0.25,0.26,0.27,0.23,14695,12641,"+9,067",27.50%,"15:06 ET"
ASHR,24.83,Call,27,2023-12-15,43,0.12,0.13,0.14,0.14,7110,9363,"+8,846",21.21%,"15:07 ET"
IWM,169.72,Call,175,2023-11-17,15,0.82,0.83,0.83,0.81,39045,65987,"+8,286",19.11%,"15:14 ET"
IWM,169.72,Call,180,2023-12-15,43,1.14,1.15,1.16,1.12,15810,76925,"+8,267",18.37%,"15:13 ET"
HYG,73.72,Call,77,2024-06-21,232,0.07,0.3,0.52,0.36,600,10457,"+8,245",4.05%,"12:05 ET"
SPY,430.61,Call,500,2024-03-15,134,0.38,0.39,0.39,0.39,1015,14375,"+8,222",11.73%,"14:48 ET"
SPY,430.61,Put,420,2023-11-17,15,1.69,1.69,1.7,1.69,42017,102655,"+8,142",16.24%,"15:15 ET"
IWM,169.72,Put,165,2023-11-06,4,0.13,0.14,0.14,0.15,16331,8162,"+7,863",19.20%,"15:13 ET"
SPY,430.61,Call,425,2023-11-17,15,9.05,9.08,9.1,9.1,6283,51238,"+7,744",15.73%,"15:15 ET"
SPY,430.61,Call,426,2023-11-03,1,4.8,4.85,4.9,4.87,17693,13891,"+7,100",19.74%,"15:15 ET"
IWM,169.72,Call,185,2024-01-19,78,1.18,1.19,1.21,1.17,995,47527,"+7,081",17.25%,"15:12 ET"
IWM,169.72,Call,165,2023-11-06,4,4.69,4.74,4.79,4.66,8310,10457,"+6,990",20.43%,"15:14 ET"
SPXU,11.73,Call,11,2024-01-19,78,1.24,1.27,1.29,1.29,557,9231,"+6,973",37.43%,"14:25 ET"
SPY,430.61,Call,424,2023-11-02,0,6.39,6.45,6.51,6.46,8376,8125,"+6,757",0.00%,"15:14 ET"
HYG,73.72,Call,73.5,2023-12-01,29,0.76,0.8,0.85,0.71,706,18787,"+6,755",7.06%,"13:02 ET"
QQQ,363.39,Call,358,2023-11-02,0,5.5,5.54,5.57,5.55,9095,8993,"+6,742",0.00%,"15:14 ET"
SPY,430.61,Call,430,2023-11-17,15,5.65,5.66,5.66,5.66,26003,72646,"+6,715",14.45%,"15:15 ET"
SPY,430.61,Call,427,2023-11-02,0,3.41,3.46,3.5,3.41,111288,8789,"+6,700",0.00%,"15:15 ET"
SPY,430.61,Call,428,2023-11-02,0,2.42,2.47,2.51,2.49,233004,8847,"+6,439",0.00%,"15:15 ET"
EZU,42.4,Put,42,2024-02-16,106,1.5,1.55,1.6,1.52,2041,6458,"+6,311",17.87%,"15:15 ET"
SPY,430.61,Call,430,2023-11-02,0,0.72,0.73,0.73,0.72,351136,8484,"+6,300",4.62%,"15:15 ET"
IWM,169.72,Call,175,2023-11-10,8,0.33,0.34,0.34,0.33,2143,8161,"+6,175",19.02%,"15:15 ET"
SPY,430.61,Call,430,2023-11-03,1,1.84,1.85,1.85,1.84,120922,26222,"+6,133",17.46%,"15:15 ET"
ITB,78.9,Call,83,2023-11-24,22,0.55,0.6,0.65,0.5,9001,11001,"+6,001",23.97%,"12:24 ET"
QQQ,363.39,Call,381,2023-11-17,15,0.43,0.44,0.44,0.43,883,14630,"+5,616",15.74%,"15:13 ET"
IWM,169.72,Call,164,2023-11-03,1,5.54,5.6,5.66,5.53,1437,8526,"+5,580",39.78%,"15:14 ET"
TLT,86.88,Call,86.5,2023-11-03,1,0.72,0.74,0.75,0.73,5826,7814,"+5,549",27.54%,"15:14 ET"
EEM,37.69,Call,37.5,2023-11-10,8,0.47,0.49,0.5,0.48,531,6577,"+5,504",16.45%,"14:54 ET"
XLF,33.31,Call,34,2024-01-19,78,0.72,0.73,0.73,0.71,1693,66257,"+5,483",14.85%,"15:05 ET"
HYG,73.72,Call,74,2024-01-19,78,0.67,0.69,0.7,0.66,11900,126237,"+5,382",4.03%,"15:13 ET"
SPY,430.61,Put,400,2024-01-19,78,3.53,3.54,3.55,3.55,12894,125343,"+5,342",19.30%,"15:14 ET"
SPY,430.61,Call,423,2023-11-02,0,7.38,7.45,7.52,7.42,9255,8357,"+5,266",13.44%,"15:15 ET"
SPY,430.61,Call,419,2023-11-02,0,11.42,11.47,11.51,11.47,1178,7892,"+5,261",0.00%,"15:15 ET"
EEM,37.69,Call,37,2023-11-10,8,0.84,0.86,0.88,0.79,925,5250,"+5,149",18.64%,"12:19 ET"
IWM,169.72,Call,171,2023-11-10,8,1.36,1.37,1.38,1.35,13826,8882,"+5,131",19.64%,"15:15 ET"
QQQ,363.39,Call,365,2023-11-07,5,2.07,2.08,2.08,2.09,1208,5498,"+5,112",15.50%,"15:14 ET"
TLT,86.88,Call,87,2024-01-19,78,3.3,3.33,3.35,3.3,1157,15499,"+5,062",18.41%,"14:59 ET"
IWM,169.72,Call,174,2023-11-10,8,0.48,0.49,0.49,0.48,30944,12517,"+5,031",18.95%,"15:15 ET"
EWZ,31.56,Call,32,2023-11-17,15,0.51,0.52,0.52,0.51,5590,68529,"+4,992",27.52%,"15:08 ET"
QQQ,363.39,Call,340,2023-12-15,43,28.18,28.28,28.38,28.17,7124,46966,"+4,976",23.03%,"14:53 ET"
URNM,47.13,Call,60,2023-12-15,43,0.6,0.63,0.65,0.65,5015,47038,"+4,919",59.63%,"13:27 ET"
IWM,169.72,Call,165,2023-11-17,15,5.94,5.97,6,5.97,3374,61985,"+4,843",22.29%,"15:14 ET"
QQQ,363.39,Call,370,2023-11-17,15,2.68,2.69,2.69,2.68,24860,29801,"+4,835",16.95%,"15:12 ET"
IWM,169.72,Call,174,2023-12-15,43,2.88,2.89,2.9,2.9,1917,6745,"+4,784",19.19%,"15:15 ET"
IWM,169.72,Put,140,2024-01-19,78,0.55,0.56,0.56,0.55,7408,37321,"+4,771",28.25%,"15:15 ET"
USO,76.25,Call,80,2023-11-17,15,1,1.02,1.03,1.03,561,20258,"+4,753",37.77%,"15:15 ET"
QQQ,363.39,Call,380,2023-12-15,43,3.35,3.36,3.37,3.36,10849,58278,"+4,733",17.05%,"15:15 ET"
SPY,430.61,Call,420,2023-11-02,0,10.42,10.47,10.51,10.39,2666,9093,"+4,724",0.00%,"15:15 ET"
SPY,430.61,Put,410,2023-12-15,43,2.86,2.87,2.88,2.86,12789,96102,"+4,683",18.26%,"15:15 ET"
IWM,169.72,Call,179,2023-12-15,43,1.34,1.35,1.36,1.34,1281,6906,"+4,665",18.36%,"15:15 ET"
SPY,430.61,Call,425,2023-11-02,0,5.39,5.46,5.52,5.5,16251,9476,"+4,641",10.14%,"15:14 ET"
SPY,430.61,Call,429,2023-11-02,0,1.49,1.52,1.55,1.5,292211,6174,"+4,526",4.69%,"15:15 ET"
TQQQ,36.29,Call,36,2023-11-03,1,0.72,0.73,0.74,0.74,19381,21166,"+4,511",72.40%,"15:15 ET"
HYG,73.72,Put,68,2024-01-19,78,0.11,0.14,0.16,0.13,1004,389698,"+4,506",12.85%,"13:22 ET"
SPY,430.61,Call,435,2023-12-08,36,6.27,6.28,6.29,6.3,8814,7702,"+4,451",13.88%,"15:15 ET"
IWM,169.72,Call,170,2023-11-17,15,2.63,2.64,2.65,2.63,28784,65511,"+4,308",20.01%,"15:15 ET"
QQQ,363.39,Call,361,2023-11-03,1,3.41,3.44,3.46,3.43,25338,8476,"+4,302",24.50%,"15:13 ET"
QQQ,363.39,Call,360,2023-11-02,0,3.53,3.57,3.6,3.6,25199,6547,"+4,273",8.86%,"15:14 ET"
SPY,430.61,Put,423,2024-01-19,78,7.89,7.9,7.92,7.9,593,8893,"+4,204",16.13%,"15:14 ET"
SPY,430.61,Put,415,2023-11-06,4,0.09,0.1,0.1,0.1,2557,10160,"+4,150",18.92%,"15:14 ET"
IWM,169.72,Put,170,2023-12-15,43,4.25,4.27,4.28,4.29,5638,110015,"+4,127",18.81%,"15:14 ET"
QQQ,363.39,Call,357,2023-11-03,1,6.79,6.83,6.87,6.8,8476,9812,"+4,097",26.19%,"15:12 ET"
SPY,430.61,Put,400,2023-11-10,8,0.13,0.14,0.14,0.13,3480,32957,"+4,072",25.06%,"15:13 ET"
SPY,430.61,Call,430,2023-11-08,6,3.24,3.25,3.25,3.24,8034,5012,"+4,058",12.90%,"15:15 ET"
QQQ,363.39,Call,360,2023-11-03,1,4.18,4.21,4.24,4.21,17749,20952,"+4,042",25.12%,"15:15 ET"
EMB,82.69,Put,81,2023-12-15,43,0.49,0.53,0.56,0.53,4000,4487,"+4,012",11.49%,"09:45 ET"
QQQ,363.39,Call,360,2023-11-10,8,6.23,6.28,6.32,6.25,4590,8322,"+4,008",18.61%,"15:12 ET"
SPY,430.61,Call,422,2023-11-02,0,8.37,8.44,8.51,8.42,4691,7612,"+3,976",0.00%,"15:15 ET"
XBI,68.34,Call,70,2023-12-15,43,2.04,2.06,2.08,2.03,1904,9418,"+3,927",27.75%,"15:04 ET"
HYG,73.72,Put,71,2023-12-15,43,0.2,0.22,0.23,0.22,1262,109995,"+3,891",11.54%,"14:45 ET"
QQQ,363.39,Call,364,2023-11-02,0,0.41,0.42,0.42,0.41,105775,4257,"+3,808",7.85%,"15:15 ET"
HYG,73.72,Call,73,2023-12-15,43,1.14,1.17,1.2,1.16,14020,91844,"+3,804",5.03%,"15:09 ET"
TLT,86.88,Call,93,2024-02-16,106,1.59,1.62,1.65,1.59,4934,19080,"+3,771",18.34%,"14:41 ET"
XBI,68.34,Put,65,2023-11-17,15,0.46,0.48,0.49,0.47,788,10466,"+3,723",30.87%,"15:14 ET"
QQQ,363.39,Put,353,2023-11-03,1,0.09,0.1,0.1,0.1,5351,5871,"+3,693",32.39%,"15:15 ET"
HYG,73.72,Call,73,2023-11-03,1,0.69,0.73,0.76,0.64,1562,8121,"+3,676",11.18%,"14:11 ET"
TLT,86.88,Call,84,2023-11-03,1,2.88,2.91,2.94,2.9,7015,10465,"+3,634",38.07%,"15:12 ET"
SPY,430.61,Call,430,2023-11-10,8,4.01,4.02,4.02,4.01,19929,12809,"+3,619",14.00%,"15:15 ET"
QQQ,363.39,Call,358,2023-11-08,6,6.94,7.03,7.12,6.82,4369,4277,"+3,571",18.05%,"15:05 ET"
UVXY,14.14,Call,15,2023-11-03,1,0.16,0.17,0.17,0.16,5722,4127,"+3,365",131.76%,"15:14 ET"
QQQ,363.39,Call,362,2023-11-02,0,1.66,1.67,1.69,1.69,108894,4531,"+3,315",7.67%,"15:15 ET"
IWM,169.72,Call,166,2023-11-03,1,3.61,3.66,3.71,3.61,10913,29474,"+3,258",28.64%,"15:14 ET"
QQQ,363.39,Call,363,2023-11-02,0,0.93,0.94,0.95,0.95,118363,3716,"+3,241",8.09%,"15:15 ET"
TQQQ,36.29,Call,35,2023-11-03,1,1.47,1.48,1.49,1.48,9523,17864,"+3,217",75.98%,"15:14 ET"
QQQ,363.39,Call,356,2023-11-02,0,7.51,7.54,7.57,7.5,3092,4737,"+3,203",0.00%,"15:11 ET"
SOXL,17.21,Call,16,2023-11-03,1,1.38,1.4,1.42,1.39,4833,12136,"+3,173",104.19%,"15:11 ET"
SPY,430.61,Put,410,2023-11-10,8,0.25,0.26,0.26,0.25,5949,18424,"+3,173",20.14%,"15:13 ET"
QQQ,363.39,Call,354,2023-11-02,0,9.5,9.54,9.58,9.55,1286,4328,"+3,150",0.00%,"15:14 ET"
EEM,37.69,Put,38,2024-01-19,78,1.37,1.43,1.48,1.47,1356,40658,"+3,150",20.32%,"11:03 ET"
SPY,430.61,Put,350,2024-01-19,78,0.81,0.82,0.83,0.83,1438,34331,"+3,130",27.09%,"15:09 ET"
GDX,28.22,Call,28,2024-01-19,78,1.63,1.65,1.68,1.65,7871,47765,"+3,118",26.98%,"14:57 ET"
SQQQ,19.51,Call,21,2023-11-17,15,0.43,0.44,0.44,0.43,4631,18442,"+3,108",61.15%,"15:13 ET"
SPY,430.61,Call,427,2023-11-03,1,3.97,4,4.02,3.99,37892,14119,"+3,102",18.74%,"15:15 ET"
QQQ,363.39,Call,357,2023-11-02,0,6.51,6.54,6.57,6.59,2926,4957,"+3,092",0.00%,"15:14 ET"
IWM,169.72,Call,170,2023-11-24,22,3.15,3.17,3.18,3.15,1098,6147,"+3,038",19.29%,"15:15 ET"
SPY,430.61,Call,428,2023-11-03,1,3.18,3.21,3.23,3.18,71551,9197,"+3,036",18.09%,"15:15 ET"
IWM,169.72,Put,150,2024-01-19,78,1.13,1.14,1.15,1.2,3034,47660,"+3,017",24.68%,"13:56 ET"
SPY,430.61,Call,470,2024-09-20,323,13.77,13.99,14.21,13.97,3018,8648,"+3,003",13.97%,"15:02 ET"
FXI,25.73,Call,28.85,2024-01-19,78,0.29,0.31,0.32,0.31,5003,11986,"+3,000",25.82%,"11:59 ET"
QQQ,363.39,Call,357,2023-11-17,15,10.06,10.12,10.17,10.03,527,6542,"+2,997",19.79%,"14:55 ET"
EWZ,31.56,Call,33,2023-11-17,15,0.2,0.22,0.23,0.21,19194,27859,"+2,990",27.14%,"14:53 ET"
QQQ,363.39,Call,362,2023-11-17,15,6.66,6.67,6.68,6.64,6802,17182,"+2,954",18.60%,"15:13 ET"
QQQ,363.39,Put,360,2024-01-19,78,10.08,10.1,10.12,10.15,3641,41384,"+2,927",19.99%,"15:12 ET"
ARKK,38.19,Call,40,2024-01-19,78,1.95,1.96,1.98,1.95,5570,8857,"+2,909",35.59%,"15:03 ET"
TLT,86.88,Call,85,2023-11-17,15,2.77,2.79,2.8,2.77,7586,35472,"+2,907",22.13%,"15:13 ET"
SLV,20.84,Put,21,2023-12-15,43,0.72,0.73,0.73,0.73,6239,8509,"+2,892",25.35%,"14:58 ET"
TLT,86.88,Call,85.5,2023-11-03,1,1.47,1.49,1.51,1.51,8555,11538,"+2,885",29.63%,"15:14 ET"
SPY,430.61,Call,425,2023-11-10,8,7.48,7.51,7.54,7.43,8503,17534,"+2,833",15.42%,"15:10 ET"
QQQ,363.39,Put,345,2023-11-10,8,0.33,0.34,0.34,0.35,1642,9113,"+2,832",23.52%,"15:07 ET"
SOXL,17.21,Call,17,2023-11-03,1,0.54,0.55,0.56,0.56,11763,11254,"+2,825",97.17%,"15:15 ET"
SPY,430.61,Call,428,2023-11-08,6,4.52,4.53,4.54,4.52,4864,3478,"+2,791",13.35%,"15:14 ET"
HYG,73.72,Call,75,2024-03-15,134,0.52,0.55,0.58,0.5,1801,64916,"+2,784",3.94%,"13:57 ET"
HYG,73.72,Call,73,2023-11-17,15,0.92,0.95,0.98,0.87,27190,128244,"+2,768",7.27%,"14:49 ET"
IWM,169.72,Put,140,2023-12-15,43,0.2,0.21,0.21,0.2,4141,37776,"+2,719",30.72%,"15:15 ET"
QQQ,363.39,Call,358,2023-11-03,1,5.88,5.92,5.96,5.75,7707,8195,"+2,704",26.43%,"15:04 ET"
SPY,430.61,Put,370,2024-06-21,232,5.65,5.71,5.77,5.86,2103,25362,"+2,695",22.14%,"14:14 ET"
QQQ,363.39,Call,355,2023-11-02,0,8.49,8.54,8.58,8.53,3018,5777,"+2,684",0.00%,"15:09 ET"
SPY,430.61,Put,422,2023-11-03,1,0.1,0.11,0.11,0.1,25827,7727,"+2,684",22.83%,"15:15 ET"
TLT,86.88,Call,95,2023-12-29,57,0.48,0.5,0.51,0.48,511,15084,"+2,667",19.13%,"14:21 ET"
QQQ,363.39,Put,330,2023-12-15,43,1.53,1.54,1.55,1.54,42180,106186,"+2,650",24.38%,"15:15 ET"
IWM,169.72,Put,150,2023-12-01,29,0.25,0.26,0.26,0.25,4075,9811,"+2,621",26.92%,"15:06 ET"
SPY,430.61,Put,400,2023-12-15,43,1.8,1.81,1.81,1.8,20629,134220,"+2,603",20.02%,"15:15 ET"
XOP,148.44,Call,149,2023-11-03,1,0.58,0.6,0.61,0.49,2163,2820,"+2,588",32.45%,"15:06 ET"
EWZ,31.56,Call,33,2023-12-15,43,0.63,0.64,0.65,0.65,8494,71155,"+2,584",27.47%,"14:26 ET"
QQQ,363.39,Put,352,2023-11-17,15,1.78,1.79,1.79,1.79,1074,10116,"+2,538",20.85%,"15:12 ET"
TLT,86.88,Call,93,2024-01-19,78,1.15,1.17,1.18,1.15,586,10322,"+2,502",18.72%,"15:10 ET"
SPY,430.61,Put,398,2023-12-01,29,0.79,0.8,0.8,0.8,9644,5398,"+2,498",20.20%,"15:11 ET"
EFA,68.88,Put,66,2024-01-19,78,0.86,0.9,0.94,0.95,7000,31169,"+2,490",15.98%,"10:02 ET"
QQQ,363.39,Call,364,2023-11-03,1,1.55,1.56,1.57,1.56,22727,6265,"+2,475",23.13%,"15:15 ET"
XLI,100.71,Call,100,2023-12-15,43,2.9,2.92,2.94,2.9,3034,4572,"+2,470",15.79%,"14:58 ET"
TLT,86.88,Call,88,2024-01-19,78,2.82,2.84,2.85,2.83,2570,27542,"+2,456",18.53%,"15:04 ET"
TLT,86.88,Call,95,2024-01-19,78,0.78,0.79,0.8,0.79,4487,37602,"+2,446",19.05%,"15:11 ET"
QQQ,363.39,Call,364,2023-11-10,8,3.75,3.76,3.78,3.77,1542,3511,"+2,421",17.69%,"15:14 ET"
SPY,430.61,Put,395,2023-11-17,15,0.27,0.28,0.28,0.28,2380,71578,"+2,400",23.92%,"15:09 ET"
GDX,28.22,Call,32,2024-01-19,78,0.45,0.46,0.47,0.42,2135,24116,"+2,393",29.82%,"12:48 ET"
HYG,73.72,Call,74,2024-02-16,106,0.82,0.83,0.84,0.76,1400,71415,"+2,373",3.62%,"14:15 ET"
QQQ,363.39,Put,355,2023-11-03,1,0.14,0.15,0.15,0.15,26155,10923,"+2,343",29.69%,"15:14 ET"
XLF,33.31,Put,30,2024-01-19,78,0.23,0.24,0.24,0.23,2155,154571,"+2,336",22.39%,"13:54 ET"
QQQ,363.39,Put,335,2023-11-17,15,0.39,0.4,0.4,0.4,4232,50549,"+2,314",25.49%,"15:09 ET"
SPY,430.61,Call,433,2023-11-17,15,4,4.01,4.01,3.99,4936,13045,"+2,302",13.87%,"15:14 ET"
SPY,430.61,Put,413,2023-11-10,8,0.33,0.34,0.34,0.34,3555,8633,"+2,285",18.95%,"15:11 ET"
SPY,430.61,Put,357,2023-12-29,57,0.56,0.57,0.57,0.55,787,3174,"+2,277",26.96%,"10:52 ET"
XLP,68.69,Call,71,2024-01-19,78,0.7,0.72,0.74,0.71,2090,8355,"+2,252",10.79%,"15:09 ET"
SQQQ,19.51,Call,21.5,2023-11-10,8,0.15,0.16,0.16,0.15,2393,3473,"+2,218",63.63%,"15:12 ET"
UVXY,14.14,Call,15.5,2023-11-03,1,0.1,0.11,0.11,0.1,3787,2844,"+2,217",149.24%,"15:13 ET"
QQQ,363.39,Call,361,2023-11-02,0,2.55,2.59,2.62,2.62,44072,3054,"+2,209",8.16%,"15:14 ET"
TQQQ,36.29,Call,34.5,2023-11-03,1,1.89,1.92,1.95,1.9,6083,13721,"+2,193",71.63%,"15:08 ET"
TQQQ,36.29,Call,36.5,2023-11-03,1,0.45,0.46,0.46,0.46,6696,6526,"+2,156",69.86%,"15:15 ET"
SPY,430.61,Put,412,2023-12-15,43,3.15,3.16,3.16,3.24,1258,22458,"+2,153",17.93%,"14:52 ET"
ITB,78.9,Call,80,2023-11-24,22,1.55,1.63,1.7,1.5,9005,12153,"+2,120",25.08%,"12:24 ET"
SPY,430.61,Call,421,2023-11-03,1,9.51,9.58,9.65,9.6,4601,11357,"+2,113",24.25%,"15:15 ET"
UVXY,14.14,Call,17,2023-11-10,8,0.27,0.28,0.29,0.3,659,3026,"+2,110",124.24%,"14:59 ET"
BITO,17.65,Call,14,2023-12-15,43,3.8,3.88,3.95,3.9,1147,29164,"+2,095",60.96%,"14:58 ET"
SPY,430.61,Put,408,2023-11-17,15,0.61,0.62,0.62,0.62,5277,52411,"+2,095",19.58%,"15:15 ET"
HYG,73.72,Call,74,2023-11-17,15,0.34,0.35,0.36,0.35,58432,122966,"+2,085",7.35%,"15:10 ET"
XLE,87.42,Put,81,2023-11-17,15,0.12,0.13,0.13,0.13,2121,6605,"+2,080",24.94%,"15:12 ET"
QQQ,363.39,Call,357.5,2023-11-03,1,6.33,6.37,6.41,6.26,3355,7088,"+2,060",26.74%,"15:07 ET"
QQQ,363.39,Put,332,2023-12-15,43,1.7,1.71,1.71,1.73,2010,11892,"+2,059",24.03%,"15:08 ET"
IWM,169.72,Call,165,2024-01-19,78,9.45,9.49,9.53,9.37,589,4897,"+2,031",19.85%,"15:07 ET"
SQQQ,19.51,Call,23,2023-12-08,36,0.53,0.54,0.54,0.54,3073,3061,"+2,003",65.60%,"14:37 ET"
GDXJ,33.64,Call,36,2023-12-15,43,0.79,0.81,0.83,0.84,784,2219,"+2,002",35.76%,"14:34 ET"
IWM,169.72,Call,182,2023-12-15,43,0.82,0.83,0.83,0.82,839,18465,"+1,995",18.29%,"15:15 ET"
QQQ,363.39,Call,360,2023-11-07,5,5.09,5.15,5.21,5.13,775,2585,"+1,990",16.83%,"15:09 ET"
SPY,430.61,Call,422,2023-12-15,43,15.65,15.67,15.69,15.67,1124,10627,"+1,974",16.09%,"15:14 ET"
GLD,184,Call,184,2023-11-10,8,1.65,1.66,1.67,1.67,793,2806,"+1,972",13.62%,"15:14 ET"
SPY,430.61,Call,423,2023-11-14,12,9.74,9.78,9.81,9.52,1975,2072,"+1,969",15.17%,"14:31 ET"
SPY,430.61,Call,421,2023-11-02,0,9.37,9.44,9.51,9.46,2871,5709,"+1,967",0.00%,"15:15 ET"
QQQ,363.39,Put,357,2023-11-03,1,0.24,0.25,0.25,0.24,9296,4539,"+1,967",27.16%,"15:14 ET"
XLE,87.42,Call,88.5,2023-11-17,15,0.96,0.97,0.98,0.9,1549,2287,"+1,948",21.02%,"14:56 ET"
QQQ,363.39,Call,359,2023-11-02,0,4.52,4.56,4.59,4.5,6954,4210,"+1,947",0.00%,"15:12 ET"
SPY,430.61,Call,422,2023-11-03,1,8.53,8.59,8.66,8.65,3902,12956,"+1,942",24.30%,"15:14 ET"
QQQ,363.39,Call,363,2023-11-03,1,2.09,2.1,2.11,2.11,35105,5791,"+1,937",23.71%,"15:15 ET"
QQQ,363.39,Put,354,2023-11-03,1,0.11,0.11,0.12,0.11,7190,5254,"+1,936",30.41%,"15:14 ET"
SPY,430.61,Put,407,2023-12-15,43,2.49,2.5,2.5,2.5,55207,11800,"+1,934",18.83%,"15:14 ET"
SOXL,17.21,Call,16.5,2023-11-03,1,0.92,0.94,0.95,0.94,4486,8059,"+1,931",99.62%,"15:15 ET"
SPY,430.61,Call,429,2023-11-08,6,3.86,3.87,3.87,3.77,4763,2772,"+1,931",13.17%,"15:10 ET"
QQQ,363.39,Call,385,2023-12-15,43,2.13,2.14,2.14,2.13,1418,43349,"+1,930",16.57%,"15:14 ET"
SPY,430.61,Put,422.5,2023-11-10,8,1.1,1.11,1.11,1.12,2568,2967,"+1,921",15.69%,"15:14 ET"
XLF,33.31,Put,33,2023-12-15,43,0.54,0.55,0.55,0.55,11415,69282,"+1,915",16.48%,"15:08 ET"
QQQ,363.39,Call,359,2023-11-10,8,6.95,7,7.05,6.96,823,2791,"+1,909",18.85%,"15:08 ET"
SPY,430.61,Put,423,2023-11-10,8,1.18,1.19,1.19,1.2,3373,3483,"+1,906",15.55%,"15:14 ET"
SPY,430.61,Call,429,2023-11-03,1,2.48,2.49,2.49,2.47,76131,8063,"+1,895",18.00%,"15:15 ET"
TLT,86.88,Call,88,2023-11-17,15,1.08,1.09,1.09,1.09,8380,57211,"+1,877",21.49%,"15:13 ET"
SPY,430.61,Call,424,2023-11-06,4,6.96,7.01,7.06,6.91,1625,4408,"+1,875",12.79%,"15:10 ET"
XLU,61.7,Call,60,2023-11-03,1,1.6,1.64,1.67,1.69,2146,2944,"+1,872",30.89%,"15:10 ET"
TLT,86.88,Call,85,2023-11-10,8,2.37,2.39,2.4,2.31,4560,5755,"+1,856",22.32%,"15:06 ET"
QQQ,363.39,Call,365,2023-11-02,0,0.13,0.14,0.14,0.13,59304,2840,"+1,830",7.71%,"15:15 ET"
KRE,42,Put,40,2024-01-19,78,1.55,1.56,1.57,1.59,2312,30849,"+1,816",33.93%,"15:14 ET"
VXX,21.72,Put,20,2023-11-17,15,0.14,0.15,0.15,0.14,5458,7624,"+1,811",44.17%,"15:06 ET"
TLT,86.88,Put,84,2023-11-17,15,0.45,0.46,0.46,0.45,7776,21660,"+1,802",21.79%,"15:03 ET"
QQQ,363.39,Put,348,2023-11-10,8,0.48,0.49,0.49,0.48,649,4522,"+1,794",22.35%,"15:15 ET"
QQQ,363.39,Put,345,2023-11-17,15,0.93,0.94,0.94,0.92,13216,31415,"+1,793",22.57%,"15:15 ET"
SPY,430.61,Call,429,2023-11-17,15,6.28,6.29,6.29,6.3,9874,8439,"+1,782",14.67%,"15:15 ET"
TLT,86.88,Call,90,2024-01-19,78,2,2.01,2.02,2,7333,93311,"+1,772",18.49%,"15:08 ET"
EWZ,31.56,Call,34,2023-12-15,43,0.37,0.38,0.39,0.38,26825,66104,"+1,764",27.06%,"15:13 ET"
UUP,29.9,Put,30,2023-12-15,43,0.23,0.25,0.26,0.26,1669,17204,"+1,739",6.70%,"13:59 ET"
QQQ,363.39,Put,340,2024-01-19,78,4.88,4.9,4.91,4.89,4638,41968,"+1,721",22.57%,"15:15 ET"
QQQ,363.39,Put,355,2023-11-10,8,1.21,1.21,1.22,1.21,7380,3547,"+1,694",20.09%,"15:15 ET"
TQQQ,36.29,Call,40,2023-12-15,43,1.26,1.27,1.28,1.27,1999,12103,"+1,685",50.49%,"15:13 ET"
SPY,430.61,Put,419,2023-11-06,4,0.16,0.17,0.17,0.17,2656,2323,"+1,682",16.40%,"15:12 ET"
SPY,430.61,Put,420,2023-11-06,4,0.19,0.2,0.2,0.2,6754,2971,"+1,679",15.81%,"15:15 ET"
SPY,430.61,Call,431,2023-11-03,1,1.32,1.33,1.33,1.32,59528,8610,"+1,678",17.23%,"15:15 ET"
HYG,73.72,Put,72,2024-01-19,78,0.58,0.6,0.62,0.6,3982,74167,"+1,667",10.72%,"15:12 ET"
TQQQ,36.29,Call,34,2023-11-03,1,2.38,2.4,2.42,2.4,5428,14469,"+1,651",86.60%,"15:13 ET"
SPY,430.61,Call,431,2023-11-17,15,5.07,5.08,5.08,5.08,7213,14935,"+1,641",14.27%,"15:15 ET"
SPY,430.61,Put,415,2023-11-10,8,0.42,0.43,0.43,0.43,6953,7420,"+1,636",18.24%,"15:14 ET"
IWM,169.72,Put,165,2023-11-10,8,0.56,0.57,0.58,0.58,839,6653,"+1,630",21.73%,"15:14 ET"
SPY,430.61,Call,423,2023-11-06,4,7.86,7.92,7.97,7.87,1076,3991,"+1,628",12.32%,"15:15 ET"
QQQ,363.39,Call,352,2023-11-03,1,11.61,11.67,11.72,11.67,738,4324,"+1,624",33.52%,"15:15 ET"
SPY,430.61,Call,417,2023-11-02,0,13.41,13.46,13.51,13.37,956,3897,"+1,614",0.00%,"15:09 ET"
IWM,169.72,Call,165,2023-11-03,1,4.57,4.62,4.67,4.46,5449,34834,"+1,614",35.62%,"15:11 ET"
SPY,430.61,Call,431,2023-11-02,0,0.23,0.24,0.24,0.23,172470,3439,"+1,613",4.81%,"15:15 ET"
SQQQ,19.51,Call,20,2023-11-17,15,0.68,0.69,0.7,0.69,3738,12059,"+1,593",57.00%,"15:15 ET"
SPY,430.61,Call,432,2023-11-03,1,0.9,0.91,0.91,0.9,37016,8168,"+1,587",16.98%,"15:15 ET"
IWM,169.72,Call,168,2023-11-17,15,3.79,3.8,3.82,3.79,5132,25177,"+1,585",20.69%,"15:14 ET"
QQQ,363.39,Call,355,2023-11-17,15,11.58,11.66,11.73,11.62,1220,21731,"+1,560",20.17%,"15:10 ET"
SPY,430.61,Call,431,2023-11-10,8,3.42,3.43,3.43,3.43,6269,2738,"+1,557",13.74%,"15:15 ET"
SPY,430.61,Put,400,2023-12-01,29,0.88,0.89,0.89,0.88,8422,10679,"+1,552",19.69%,"15:15 ET"
UVXY,14.14,Put,14.5,2023-11-03,1,0.42,0.43,0.44,0.4,2782,3119,"+1,517",116.75%,"15:12 ET"
HYG,73.72,Call,74,2024-03-15,134,0.89,0.92,0.95,0.92,1401,13236,"+1,505",2.98%,"14:27 ET"
TLT,86.88,Put,81,2023-11-17,15,0.12,0.13,0.13,0.12,1656,14498,"+1,505",23.75%,"15:11 ET"
SPY,430.61,Call,429,2023-11-10,8,4.63,4.64,4.64,4.65,8444,3201,"+1,500",14.28%,"15:15 ET"
HYG,73.72,Put,71,2024-01-19,78,0.36,0.39,0.41,0.39,10556,82929,"+1,499",11.01%,"15:12 ET"
QQQ,363.39,Call,367,2023-11-07,5,1.27,1.28,1.29,1.29,1049,1574,"+1,499",15.15%,"15:14 ET"
EEM,37.69,Call,37.5,2023-11-17,15,0.64,0.65,0.66,0.65,1566,35601,"+1,497",17.38%,"15:07 ET"
SPY,430.61,Put,406,2023-11-13,11,0.24,0.25,0.25,0.26,670,1606,"+1,489",19.89%,"14:03 ET"
SPY,430.61,Put,421,2023-11-17,15,1.85,1.86,1.86,1.86,7580,21537,"+1,489",16.02%,"15:15 ET"
UVXY,14.14,Call,15,2023-11-10,8,0.56,0.57,0.58,0.57,3029,2450,"+1,476",98.06%,"15:15 ET"
IWM,169.72,Put,160,2023-12-15,43,1.42,1.43,1.44,1.43,77025,169633,"+1,473",21.98%,"15:15 ET"
SPY,430.61,Put,418,2023-11-17,15,1.41,1.42,1.42,1.42,11682,15452,"+1,460",16.79%,"15:15 ET"
QQQ,363.39,Put,340,2023-11-10,8,0.19,0.2,0.2,0.19,2137,5753,"+1,456",25.52%,"15:14 ET"
SPXL,78.49,Call,82,2024-01-19,78,4.4,4.5,4.6,4.5,1551,1660,"+1,427",38.90%,"14:44 ET"
XLV,126.81,Call,125,2023-11-03,1,1.51,1.58,1.64,1.59,1257,1560,"+1,380",18.31%,"14:10 ET"
IWM,169.72,Put,163,2023-11-10,8,0.33,0.34,0.34,0.34,1656,2450,"+1,380",23.07%,"15:15 ET"
XBI,68.34,Call,70,2024-01-19,78,3.1,3.15,3.2,3.12,1860,4964,"+1,363",27.86%,"14:09 ET"
TQQQ,36.29,Call,37,2023-11-10,8,0.82,0.83,0.83,0.83,4731,2952,"+1,355",51.24%,"15:15 ET"
TQQQ,36.29,Put,31.5,2023-11-10,8,0.12,0.13,0.13,0.13,2156,2069,"+1,351",69.88%,"15:13 ET"
QQQ,363.39,Put,350,2023-11-10,8,0.62,0.63,0.63,0.64,3282,7133,"+1,335",21.70%,"15:12 ET"
SPY,430.61,Call,421,2023-11-14,12,11.4,11.44,11.48,11.06,1533,1552,"+1,332",15.70%,"14:13 ET"
QQQ,363.39,Call,375,2023-11-10,8,0.41,0.42,0.42,0.41,1185,6169,"+1,322",15.80%,"15:08 ET"
SPY,430.61,Put,420,2023-11-10,8,0.79,0.8,0.8,0.8,12796,15049,"+1,272",16.53%,"15:15 ET"
SPY,430.61,Call,442,2023-11-24,22,1.6,1.61,1.61,1.61,624,3529,"+1,251",12.30%,"15:15 ET"
SPY,430.61,Call,419,2023-11-03,1,11.49,11.56,11.63,11.53,995,8964,"+1,248",22.03%,"15:14 ET"
IWM,169.72,Call,189,2023-12-15,43,0.26,0.27,0.27,0.26,60333,4186,"+1,242",18.81%,"15:13 ET"
QQQ,363.39,Put,330,2024-01-19,78,3.37,3.38,3.39,3.4,3533,33620,"+1,242",23.94%,"15:11 ET"
UUP,29.9,Put,30,2023-11-03,1,0.11,0.13,0.14,0.12,1200,2112,"+1,240",6.76%,"14:49 ET"
IWM,169.72,Call,171,2023-11-03,1,0.31,0.32,0.32,0.3,7757,5117,"+1,239",24.21%,"15:14 ET"
QQQ,363.39,Put,356,2023-11-03,1,0.18,0.19,0.19,0.18,8259,5984,"+1,237",28.10%,"15:14 ET"
XLF,33.31,Call,34,2023-12-15,43,0.48,0.49,0.49,0.47,1372,38297,"+1,236",15.77%,"15:03 ET"
SPY,430.61,Call,425,2023-12-15,43,13.43,13.45,13.47,13.43,2128,15063,"+1,235",15.50%,"15:15 ET"
XBI,68.34,Call,73,2023-12-15,43,0.98,1,1.01,0.97,706,4350,"+1,233",26.58%,"15:07 ET"
SPY,430.61,Call,430,2023-11-09,7,3.68,3.69,3.69,3.69,3533,1576,"+1,228",13.73%,"15:15 ET"
TQQQ,36.29,Call,35,2023-11-10,8,1.99,2,2.01,2,4256,3763,"+1,216",56.03%,"15:12 ET"
QQQ,363.39,Call,362,2023-11-03,1,2.72,2.73,2.74,2.72,39222,4582,"+1,216",23.95%,"15:15 ET"
QQQ,363.39,Put,350,2024-01-19,78,7.04,7.06,7.07,7.09,2727,99184,"+1,214",21.26%,"15:12 ET"
SPY,430.61,Put,409,2023-11-17,15,0.66,0.67,0.67,0.66,7722,20398,"+1,209",19.22%,"15:14 ET"
QQQ,363.39,Put,340,2023-12-15,43,2.58,2.59,2.59,2.58,29991,104930,"+1,206",22.67%,"15:15 ET"
XLC,66.45,Call,65,2023-11-03,1,1.4,1.45,1.5,1.42,1202,1343,"+1,200",35.18%,"14:06 ET"
SPY,430.61,Call,420,2023-11-06,4,10.68,10.75,10.81,10.68,1165,5077,"+1,194",10.36%,"15:09 ET"
SPY,430.61,Put,423,2023-12-15,43,5.42,5.43,5.43,5.51,1067,4708,"+1,190",16.13%,"15:05 ET"
SPY,430.61,Call,434,2023-11-17,15,3.51,3.51,3.52,3.47,3786,19283,"+1,181",13.66%,"15:11 ET"
VXX,21.72,Put,22,2023-11-03,1,0.36,0.39,0.42,0.36,5057,5486,"+1,171",72.08%,"15:10 ET"
TLT,86.88,Call,86.5,2023-11-10,8,1.36,1.37,1.38,1.37,2031,1728,"+1,166",21.78%,"15:09 ET"
IWM,169.72,Call,165,2023-11-10,8,5.28,5.31,5.34,5.24,1568,4606,"+1,165",23.07%,"15:13 ET"
TLT,86.88,Call,88,2023-11-10,8,0.65,0.66,0.67,0.67,26147,3893,"+1,163",21.43%,"15:12 ET"
IWM,169.72,Call,166,2023-11-08,6,4.09,4.14,4.18,3.64,1184,1401,"+1,162",20.78%,"13:45 ET"
IWM,169.72,Call,175,2024-01-19,78,3.91,3.93,3.95,3.91,3346,34974,"+1,159",17.99%,"15:14 ET"
SPY,430.61,Put,423,2023-11-07,5,0.57,0.58,0.58,0.6,7697,1513,"+1,158",14.86%,"15:03 ET"
SPY,430.61,Put,421,2023-11-06,4,0.23,0.24,0.24,0.24,6061,1651,"+1,154",15.28%,"15:10 ET"
SOXL,17.21,Call,15.5,2023-11-03,1,1.86,1.88,1.89,1.88,3556,7925,"+1,153",123.28%,"15:11 ET"
QQQ,363.39,Call,366,2023-11-03,1,0.75,0.76,0.76,0.76,11740,4653,"+1,152",22.31%,"15:15 ET"
QQQ,363.39,Call,358,2023-12-01,29,11.75,11.78,11.81,11.68,1895,1505,"+1,149",19.29%,"13:55 ET"
IWM,169.72,Put,165,2024-01-19,78,3.79,3.81,3.83,3.85,2922,25505,"+1,145",20.44%,"15:14 ET"
SPY,430.61,Call,433,2023-11-08,6,1.75,1.76,1.76,1.72,5045,1580,"+1,144",12.34%,"15:13 ET"
SPY,430.61,Call,425,2023-11-08,6,6.76,6.8,6.83,6.74,1741,2954,"+1,135",14.14%,"15:07 ET"
SPY,430.61,Call,423,2023-11-03,1,7.56,7.63,7.69,7.58,5934,13972,"+1,124",18.98%,"15:15 ET"
SPY,430.61,Call,430,2024-03-15,134,20.01,20.07,20.12,20.01,5062,18773,"+1,119",15.49%,"15:02 ET"
SMH,146.44,Call,145,2023-12-15,43,6.9,6.98,7.05,7,1449,2434,"+1,117",27.39%,"15:14 ET"
QQQ,363.39,Put,335,2023-12-15,43,1.99,2,2,2,7361,66684,"+1,115",23.55%,"15:15 ET"
URNM,47.13,Call,49.5,2023-11-17,15,0.8,0.85,0.9,1.02,501,1114,"+1,112",46.54%,"09:57 ET"
SPY,430.61,Put,417,2023-11-07,5,0.2,0.21,0.21,0.22,846,2842,"+1,101",17.37%,"15:05 ET"
QQQ,363.39,Put,340,2023-11-17,15,0.59,0.6,0.6,0.59,12389,61942,"+1,098",23.85%,"15:14 ET"
TLT,86.88,Put,83,2023-11-17,15,0.29,0.3,0.3,0.29,826,7224,"+1,097",22.30%,"15:14 ET"
QQQ,363.39,Put,335,2024-01-19,78,4.06,4.07,4.08,4.12,11112,42572,"+1,090",23.26%,"15:01 ET"
SLV,20.84,Call,20,2024-03-15,134,1.95,1.96,1.96,1.97,621,21640,"+1,084",24.73%,"13:56 ET"
TQQQ,36.29,Call,34.5,2023-11-17,15,2.77,2.78,2.79,2.78,2000,1389,"+1,074",57.49%,"15:12 ET"
HYG,73.72,Put,69,2024-01-19,78,0.17,0.18,0.18,0.18,6086,108569,"+1,072",12.12%,"15:03 ET"
SOXL,17.21,Call,17.5,2023-11-10,8,0.69,0.7,0.71,0.73,1423,2074,"+1,067",73.69%,"15:15 ET"
SPY,430.61,Put,410,2023-12-01,29,1.58,1.59,1.59,1.59,3515,4278,"+1,067",17.61%,"15:15 ET"
SOXL,17.21,Call,15,2023-12-15,43,3.25,3.28,3.3,3.28,847,2476,"+1,065",81.37%,"15:15 ET"
SPY,430.61,Call,437,2023-11-08,6,0.58,0.59,0.59,0.56,2160,1318,"+1,062",11.68%,"14:49 ET"
QQQ,363.39,Call,362.5,2023-11-03,1,2.39,2.4,2.41,2.43,20856,3845,"+1,061",23.77%,"15:15 ET"
QQQ,363.39,Call,359,2023-11-03,1,5,5.04,5.08,4.89,3586,6125,"+1,060",25.69%,"15:06 ET"
HYG,73.72,Put,73,2024-01-19,78,0.86,0.89,0.92,0.92,1457,96041,"+1,054",10.62%,"15:01 ET"
SPY,430.61,Put,397,2023-12-15,43,1.57,1.58,1.58,1.57,1448,43870,"+1,050",20.54%,"15:15 ET"
TQQQ,36.29,Call,36,2023-11-10,8,1.34,1.35,1.35,1.33,6718,4042,"+1,048",53.44%,"15:15 ET"
TLT,86.88,Call,88,2023-12-15,43,2,2.01,2.03,2.01,13562,36756,"+1,041",19.44%,"15:15 ET"
IWM,169.72,Call,165,2023-11-08,6,4.95,5,5.04,4.85,1280,1500,"+1,041",21.62%,"15:07 ET"
SPY,430.61,Put,418,2023-11-06,4,0.14,0.15,0.15,0.14,3825,2506,"+1,038",16.85%,"15:15 ET"
TQQQ,36.29,Call,40,2023-11-24,22,0.51,0.52,0.52,0.51,559,2498,"+1,037",46.43%,"14:55 ET"
SPY,430.61,Call,434,2023-12-15,43,7.67,7.69,7.7,7.67,1166,9720,"+1,026",14.01%,"15:15 ET"
QQQ,363.39,Call,356,2023-11-10,8,9.26,9.34,9.41,9.21,583,2770,"+1,021",19.96%,"15:02 ET"
QQQ,363.39,Put,357,2023-11-10,8,1.58,1.59,1.59,1.59,2217,4848,"+1,012",19.56%,"15:15 ET"
IWM,169.72,Put,155,2024-01-19,78,1.68,1.69,1.7,1.7,1268,31933,"+1,011",23.16%,"15:14 ET"
SPY,430.61,Call,438,2023-12-15,43,5.65,5.66,5.67,5.61,844,17467,"+1,008",13.48%,"14:56 ET"
QQQ,363.39,Call,360,2023-12-15,43,12.85,12.87,12.88,12.9,1397,37624,"+1,008",19.69%,"15:15 ET"
LABU,2.98,Call,3,2023-11-10,8,0.13,0.14,0.14,0.14,2404,10941,"+1,008",81.07%,"15:09 ET"
IWM,169.72,Put,159,2024-01-19,78,2.32,2.34,2.35,2.39,1003,2502,"+1,002",21.96%,"15:03 ET"
QQQ,363.39,Put,363,2023-11-03,1,1.51,1.52,1.53,1.52,18552,1600,+999,23.70%,"15:15 ET"
SPY,430.61,Call,422,2023-11-10,8,9.94,9.98,10.02,9.88,645,3590,+998,16.36%,"15:10 ET"
SLV,20.84,Put,20,2023-12-15,43,0.31,0.32,0.32,0.32,1803,7071,+997,25.38%,"14:51 ET"
IWM,169.72,Call,168,2023-11-03,1,1.87,1.9,1.93,1.88,22561,9917,+996,26.42%,"15:15 ET"
SPY,430.61,Call,425,2023-11-07,5,6.44,6.48,6.52,6.23,1349,2968,+989,13.61%,"14:58 ET"
QQQ,363.39,Put,357,2023-11-17,15,2.81,2.82,2.83,2.83,1757,3270,+988,19.66%,"15:11 ET"
SPXU,11.73,Put,12,2023-11-03,1,0.28,0.3,0.31,0.29,2279,1594,+986,47.78%,"15:04 ET"
SPY,430.61,Put,403,2023-12-15,43,2.06,2.07,2.07,2.07,4295,30558,+984,19.51%,"15:15 ET"
QQQ,363.39,Call,353,2023-11-03,1,10.63,10.68,10.72,10.68,2787,5241,+979,31.74%,"15:14 ET"
ARKK,38.19,Call,38,2023-11-17,15,1.35,1.37,1.38,1.34,578,2776,+973,39.14%,"15:14 ET"
TLT,86.88,Call,87,2023-12-15,43,2.47,2.49,2.51,2.5,13888,17832,+973,19.58%,"15:12 ET"
IWM,169.72,Call,167,2023-11-06,4,2.92,2.97,3.01,2.89,877,1399,+972,18.41%,"15:13 ET"
KRE,42,Call,43,2023-11-17,15,0.62,0.63,0.63,0.52,5265,14554,+971,30.24%,"13:48 ET"
SPY,430.61,Call,426,2023-11-10,8,6.71,6.73,6.76,6.74,8119,3973,+967,15.12%,"15:15 ET"
SPY,430.61,Call,440,2023-12-15,43,4.77,4.78,4.79,4.75,8161,43392,+966,13.22%,"15:13 ET"
TLT,86.88,Call,86,2023-11-10,8,1.66,1.67,1.69,1.67,1459,4175,+947,21.82%,"15:11 ET"
SOXL,17.21,Call,17,2023-11-10,8,0.96,0.97,0.98,0.99,4572,3559,+946,75.43%,"15:14 ET"
SPY,430.61,Put,423,2023-11-06,4,0.36,0.37,0.37,0.36,7807,2054,+945,14.30%,"15:14 ET"
QQQ,363.39,Call,354,2023-11-03,1,9.65,9.7,9.75,9.69,2056,4889,+943,29.82%,"15:08 ET"
SPY,430.61,Put,420,2023-11-07,5,0.32,0.33,0.33,0.34,3592,1517,+939,15.94%,"15:14 ET"
SPY,430.61,Put,380,2023-12-01,29,0.34,0.35,0.35,0.35,918,7223,+937,24.52%,"15:15 ET"
BITO,17.65,Call,30,2025-01-17,442,0.75,0.77,0.79,0.78,1558,96159,+934,41.24%,"14:31 ET"
SOXL,17.21,Call,20,2024-01-19,78,1.45,1.46,1.48,1.48,1112,14091,+932,73.48%,"15:14 ET"
SPY,430.61,Put,375,2024-01-19,78,1.58,1.59,1.59,1.59,653,23007,+929,22.90%,"15:14 ET"
TMF,4.49,Call,4,2023-12-15,43,0.6,0.65,0.7,0.65,905,2034,+929,68.36%,"14:35 ET"
QQQ,363.39,Put,354,2023-11-08,6,0.65,0.66,0.66,0.7,553,955,+925,19.82%,"14:50 ET"
SPY,430.61,Put,416,2023-11-06,4,0.1,0.11,0.11,0.11,1978,4207,+924,18.19%,"14:54 ET"
QQQ,363.39,Put,357.5,2023-11-03,1,0.28,0.29,0.29,0.29,7570,2824,+918,27.03%,"15:15 ET"
SPY,430.61,Put,416,2023-11-10,8,0.47,0.48,0.48,0.47,2561,5823,+917,17.75%,"15:14 ET"
SPY,430.61,Put,396,2023-12-01,29,0.71,0.72,0.72,0.74,1096,1941,+909,20.61%,"14:47 ET"
SPY,430.61,Put,392,2023-11-17,15,0.23,0.24,0.24,0.24,633,8481,+903,24.96%,"15:08 ET"
SPY,430.61,Put,380,2023-12-15,43,0.76,0.77,0.77,0.77,2620,91377,+903,23.69%,"15:14 ET"
XLK,169.95,Call,166,2023-11-03,1,4.1,4.2,4.3,4.06,1113,1279,+901,33.20%,"14:26 ET"
HYG,73.72,Put,69,2024-05-17,197,0.65,0.74,0.82,0.75,10704,5039,+900,13.23%,"14:03 ET"
XLK,169.95,Put,166,2023-11-03,1,0.11,0.13,0.15,0.13,919,1028,+897,34.89%,"14:13 ET"
SPY,430.61,Put,386,2024-01-19,78,2.22,2.23,2.24,2.3,1311,1800,+896,21.26%,"14:48 ET"
SPY,430.61,Put,414,2023-11-08,6,0.2,0.21,0.21,0.21,836,2038,+892,18.76%,"15:09 ET"
TLT,86.88,Put,84,2023-11-10,8,0.2,0.21,0.22,0.23,1551,1836,+891,22.24%,"15:06 ET"
SPY,430.61,Call,420,2023-12-01,29,15.21,15.25,15.28,15.13,723,5239,+883,16.59%,"15:06 ET"
SQQQ,19.51,Call,22,2023-12-15,43,0.85,0.86,0.86,0.85,869,6096,+882,63.56%,"15:15 ET"
SPY,430.61,Put,412,2023-11-17,15,0.83,0.84,0.84,0.85,2674,43555,+880,18.33%,"15:15 ET"
EWZ,31.56,Call,31.5,2023-11-17,15,0.74,0.75,0.76,0.76,1181,7353,+879,28.57%,"15:15 ET"
SPY,430.61,Put,370,2023-12-15,43,0.53,0.54,0.54,0.54,10417,59152,+879,25.74%,"15:02 ET"
TMF,4.49,Call,6,2024-02-16,106,0.15,0.18,0.2,0.18,842,5896,+867,66.49%,"14:38 ET"
SPY,430.61,Call,427,2023-11-10,8,5.98,6,6.02,5.87,4680,3875,+866,14.83%,"15:04 ET"
DIA,338.13,Call,339,2023-11-03,1,0.61,0.63,0.64,0.62,1497,3341,+859,14.58%,"15:15 ET"
SPY,430.61,Call,418,2023-11-02,0,12.42,12.47,12.51,12.41,1021,4067,+856,0.00%,"15:15 ET"
SPY,430.61,Put,420,2023-11-15,13,1.38,1.38,1.39,1.42,1855,855,+855,16.02%,"15:10 ET"
SPY,430.61,Put,424,2023-11-07,5,0.7,0.71,0.71,0.72,5742,1209,+849,14.56%,"15:12 ET"
SPY,430.61,Put,418,2023-11-08,6,0.34,0.35,0.35,0.34,743,1451,+848,16.82%,"15:15 ET"
GDX,28.22,Call,29,2023-12-15,43,0.91,0.92,0.93,0.91,1490,15521,+845,30.92%,"15:15 ET"
SPY,430.61,Call,429,2023-11-06,4,3.06,3.07,3.07,3.07,20956,1846,+840,11.89%,"15:15 ET"
SPY,430.61,Call,445,2023-11-24,22,1,1.01,1.01,0.99,1648,6033,+840,12.04%,"15:07 ET"
SPY,430.61,Put,401,2024-03-15,134,6.39,6.4,6.42,6.54,586,1980,+837,19.19%,"14:11 ET"
SPY,430.61,Put,421,2023-11-08,6,0.56,0.57,0.57,0.57,4506,1058,+835,15.91%,"15:13 ET"
IWM,169.72,Call,167.5,2023-11-03,1,2.27,2.31,2.35,2.26,4724,6314,+835,28.17%,"15:14 ET"
UNG,7.29,Put,7,2023-11-10,8,0.11,0.12,0.13,0.12,1550,4501,+835,54.91%,"15:09 ET"
TQQQ,36.29,Put,20,2024-03-15,134,0.64,0.65,0.66,0.65,629,4502,+834,81.27%,"14:44 ET"
VIXY,21.68,Call,22,2023-11-03,1,0.29,0.31,0.32,0.36,1260,1206,+831,76.65%,"14:47 ET"
KRE,42,Put,39,2023-11-17,15,0.21,0.22,0.22,0.23,1119,29061,+830,34.97%,"14:59 ET"
QQQ,363.39,Put,364,2023-11-03,1,1.97,1.98,1.98,1.97,11069,2047,+827,23.11%,"15:15 ET"
SLV,20.84,Call,22,2023-11-17,15,0.11,0.11,0.12,0.12,1017,104451,+823,27.56%,"14:57 ET"
QQQ,363.39,Put,348,2023-11-17,15,1.22,1.23,1.23,1.24,2994,8464,+821,21.76%,"15:12 ET"
SPY,430.61,Call,424,2023-11-07,5,7.28,7.33,7.37,7.16,531,1736,+820,13.84%,"15:04 ET"
SPY,430.61,Put,416,2023-11-07,5,0.17,0.18,0.18,0.19,961,3017,+818,17.81%,"15:02 ET"
URNM,47.13,Call,59,2023-12-15,43,0.65,0.7,0.75,0.69,902,1324,+815,57.86%,"14:20 ET"
SPY,430.61,Call,431,2023-11-09,7,3.11,3.12,3.12,3.13,2541,1030,+812,13.47%,"15:15 ET"
TLT,86.88,Put,86,2023-11-03,1,0.17,0.18,0.18,0.17,4260,6616,+807,27.59%,"15:04 ET"
SPY,430.61,Put,427,2024-01-19,78,9.13,9.15,9.16,9.27,2700,2099,+807,15.63%,"14:54 ET"
HYG,73.72,Put,68,2024-05-17,197,0.54,0.61,0.67,0.57,500,5062,+800,13.30%,"13:46 ET"
SQQQ,19.51,Call,21.5,2023-11-17,15,0.34,0.35,0.35,0.34,2838,1435,+800,63.09%,"15:08 ET"
HYG,73.72,Put,67,2024-05-17,197,0.39,0.44,0.48,0.44,3012,1707,+800,13.50%,"12:57 ET"
IWM,169.72,Put,142,2024-01-19,78,0.63,0.64,0.65,0.65,1500,5892,+797,27.67%,"15:03 ET"
TQQQ,36.29,Put,33,2023-11-10,8,0.24,0.25,0.25,0.24,1839,1907,+785,62.52%,"15:08 ET"
IWM,169.72,Call,169,2023-11-03,1,1.18,1.19,1.19,1.14,21131,16026,+781,25.54%,"15:14 ET"
SPY,430.61,Call,430,2023-12-29,57,11.17,11.18,11.2,11.15,2399,10380,+780,13.82%,"15:13 ET"
QQQ,363.39,Put,356,2023-11-17,15,2.56,2.57,2.58,2.58,4837,9826,+779,19.88%,"15:15 ET"
SPY,430.61,Put,424,2023-11-17,15,2.45,2.46,2.46,2.45,7194,21699,+777,15.26%,"15:15 ET"
QQQ,363.39,Put,356,2023-11-07,5,0.67,0.68,0.68,0.69,2621,916,+771,18.72%,"15:11 ET"
SPY,430.61,Put,406,2023-12-15,43,2.37,2.38,2.38,2.37,1950,15175,+769,18.96%,"15:15 ET"
SPY,430.61,Put,420,2023-11-13,11,0.99,1,1,1.01,1042,1100,+768,15.32%,"15:07 ET"
KRE,42,Call,42,2023-11-17,15,1.07,1.08,1.09,1.07,12150,14718,+767,31.09%,"15:14 ET"
UVXY,14.14,Put,15,2023-11-03,1,0.8,0.81,0.82,0.8,1440,4374,+765,128.95%,"15:14 ET"
IWM,169.72,Call,168,2023-12-01,29,4.9,4.93,4.95,4.58,582,972,+762,20.26%,"14:07 ET"
QQQ,363.39,Put,353,2023-11-10,8,0.93,0.94,0.94,0.97,840,5454,+761,20.77%,"15:05 ET"
GDX,28.22,Call,30,2024-03-15,134,1.38,1.42,1.45,1.45,3139,16602,+760,28.84%,"14:13 ET"
SPY,430.61,Put,417,2023-11-06,4,0.12,0.13,0.13,0.12,1745,2625,+759,17.43%,"15:15 ET"
VXX,21.72,Call,23,2023-11-03,1,0.12,0.13,0.14,0.12,4884,1029,+757,100.53%,"15:07 ET"
SPY,430.61,Put,423,2023-11-08,6,0.78,0.79,0.79,0.83,3913,764,+755,15.18%,"14:56 ET"
QQQ,363.39,Call,371,2023-12-15,43,6.71,6.72,6.72,6.71,612,3674,+755,18.09%,"15:15 ET"
SPY,430.61,Put,421,2023-11-07,5,0.39,0.4,0.4,0.41,4353,1108,+753,15.60%,"15:13 ET"
TQQQ,36.29,Call,37,2023-11-17,15,1.27,1.28,1.28,1.27,2309,7500,+750,52.00%,"15:10 ET"
SPY,430.61,Put,410,2024-02-16,106,6.59,6.61,6.62,6.65,1584,6602,+748,18.05%,"15:09 ET"
TLT,86.88,Call,89,2023-12-15,43,1.61,1.62,1.63,1.61,809,19293,+747,19.50%,"15:14 ET"
SPY,430.61,Put,425,2023-12-01,29,4.14,4.15,4.16,4.18,1179,3091,+746,14.60%,"15:13 ET"
SPY,430.61,Put,410,2023-11-08,6,0.13,0.14,0.14,0.13,558,3261,+744,20.53%,"15:07 ET"
QQQ,363.39,Put,345,2023-12-15,43,3.34,3.34,3.35,3.34,3026,49211,+744,21.85%,"15:15 ET"
SPY,430.61,Put,395,2023-12-01,29,0.67,0.68,0.68,0.68,3140,7899,+728,20.85%,"15:14 ET"
SPXU,11.73,Call,12.5,2023-11-17,15,0.18,0.19,0.2,0.2,693,877,+724,49.06%,"14:38 ET"
QQQ,363.39,Put,352,2023-11-10,8,0.81,0.82,0.82,0.84,1257,2589,+722,21.05%,"14:58 ET"
SPY,430.61,Call,427,2023-11-08,6,5.22,5.24,5.26,5.17,5627,1732,+720,13.62%,"15:03 ET"
SPY,430.61,Call,440,2023-11-17,15,1.4,1.4,1.41,1.4,29766,86565,+719,12.74%,"15:15 ET"
TLT,86.88,Call,89,2023-11-17,15,0.73,0.74,0.74,0.72,2699,29659,+718,21.31%,"15:08 ET"
SPY,430.61,Call,426,2023-11-08,6,5.97,6,6.03,6.01,2270,1636,+717,13.94%,"15:15 ET"
SOXL,17.21,Call,15,2023-11-24,22,2.81,2.83,2.84,2.87,4225,6471,+717,80.80%,"15:10 ET"
SPY,430.61,Put,422,2023-11-06,4,0.28,0.29,0.29,0.28,5527,1427,+715,14.61%,"15:15 ET"
QQQ,363.39,Call,373,2023-11-10,8,0.67,0.68,0.68,0.69,786,1749,+715,16.00%,"15:14 ET"
SQQQ,19.51,Call,30,2024-01-19,78,0.49,0.5,0.51,0.5,1107,9464,+714,77.23%,"14:47 ET"
IWM,169.72,Call,182,2023-11-17,15,0.11,0.11,0.12,0.11,10272,23710,+714,19.51%,"15:13 ET"
SPY,430.61,Put,372,2023-12-29,57,0.88,0.89,0.89,0.91,757,1472,+710,24.15%,"14:46 ET"
QQQ,363.39,Put,320,2023-12-15,43,0.93,0.94,0.94,0.93,1423,41835,+710,26.19%,"15:08 ET"
TQQQ,36.29,Call,34.5,2023-11-10,8,2.36,2.37,2.38,2.36,2528,1988,+707,56.76%,"15:13 ET"
SPY,430.61,Put,411,2023-11-13,11,0.36,0.37,0.37,0.38,503,732,+704,17.97%,"14:44 ET"
QQQ,363.39,Put,362.5,2023-11-03,1,1.31,1.32,1.33,1.32,16442,2196,+703,23.90%,"15:15 ET"
SPY,430.61,Call,433,2023-11-03,1,0.58,0.59,0.59,0.59,21348,5379,+699,16.86%,"15:15 ET"
SPY,430.61,Call,435,2023-12-01,29,5.2,5.21,5.22,5.12,1536,2440,+694,13.63%,"15:00 ET"
SPY,430.61,Put,422,2023-11-10,8,1.03,1.04,1.04,1.04,8636,3038,+694,15.88%,"15:14 ET"
QQQ,363.39,Put,351,2023-11-17,15,1.62,1.63,1.63,1.63,563,3485,+692,21.08%,"15:11 ET"
SPY,430.61,Call,436,2023-11-13,11,1.6,1.61,1.61,1.57,1621,692,+692,11.84%,"15:12 ET"
HYG,73.72,Put,72.5,2023-11-17,15,0.11,0.13,0.14,0.13,641,3473,+690,9.36%,"12:00 ET"
QQQ,363.39,Call,355,2023-11-06,4,8.94,8.99,9.03,8.84,573,2493,+689,16.93%,"14:53 ET"
IWM,169.72,Call,166,2023-12-01,29,6.25,6.28,6.31,5.78,3206,3217,+687,21.04%,"14:15 ET"
TLT,86.88,Call,92,2024-01-19,78,1.39,1.4,1.42,1.4,801,3422,+681,18.70%,"15:09 ET"
IWM,169.72,Call,170,2023-11-03,1,0.65,0.66,0.66,0.66,33121,17063,+681,24.83%,"15:15 ET"
SPY,430.61,Call,436,2023-11-10,8,1.32,1.33,1.33,1.32,3673,5888,+679,12.75%,"15:15 ET"
TLT,86.88,Call,93,2023-12-15,43,0.61,0.62,0.62,0.59,24057,14264,+674,20.15%,"15:05 ET"
SPY,430.61,Put,419,2023-11-08,6,0.4,0.41,0.41,0.41,1334,1769,+672,16.58%,"15:14 ET"
IWM,169.72,Put,162,2023-11-10,8,0.25,0.26,0.26,0.25,10118,11767,+671,23.51%,"15:15 ET"
SPY,430.61,Put,389,2024-01-19,78,2.45,2.46,2.46,2.68,660,1682,+669,20.82%,"12:03 ET"
QQQ,363.39,Put,355,2023-11-08,6,0.77,0.78,0.78,0.83,735,711,+668,19.50%,"15:01 ET"
IWM,169.72,Call,178,2023-12-01,29,0.89,0.9,0.91,0.83,3292,8097,+667,18.18%,"15:02 ET"
SLV,20.84,Call,21,2023-11-10,8,0.27,0.28,0.28,0.27,1233,2272,+663,25.71%,"15:13 ET"
SPY,430.61,Put,395,2023-11-10,8,0.1,0.11,0.11,0.1,1373,15558,+662,27.54%,"15:15 ET"
QQQ,363.39,Put,327,2023-12-15,43,1.32,1.33,1.33,1.35,884,6097,+659,24.93%,"14:30 ET"
QQQ,363.39,Put,342,2023-11-08,6,0.11,0.11,0.12,0.12,883,785,+658,25.15%,"15:15 ET"
QQQ,363.39,Call,385,2024-01-19,78,4.81,4.81,4.82,4.83,1418,29280,+657,16.63%,"15:14 ET"
SPY,430.61,Call,436,2023-11-03,1,0.12,0.13,0.13,0.12,15057,5621,+657,16.55%,"15:15 ET"
SPY,430.61,Call,431,2023-12-29,57,10.54,10.56,10.57,10.53,2199,3545,+655,13.68%,"14:48 ET"
TLT,86.88,Call,88.5,2023-11-10,8,0.49,0.5,0.51,0.49,1446,1539,+654,20.95%,"15:11 ET"
SPY,430.61,Put,380,2024-01-19,78,1.84,1.85,1.85,1.85,1818,36558,+652,22.15%,"15:14 ET"
SPY,430.61,Put,425,2024-02-16,106,10.27,10.29,10.31,10.32,1264,2718,+649,16.22%,"15:14 ET"
TQQQ,36.29,Put,35,2023-11-10,8,0.62,0.63,0.63,0.63,2491,1861,+648,56.83%,"15:14 ET"
HYG,73.72,Call,74,2023-12-15,43,0.52,0.54,0.57,0.51,17953,236864,+648,5.34%,"14:42 ET"
TQQQ,36.29,Call,34,2023-11-10,8,2.75,2.76,2.78,2.76,2606,3360,+647,58.40%,"15:14 ET"
QQQ,363.39,Put,354,2023-11-06,4,0.27,0.28,0.28,0.29,644,1101,+643,18.85%,"15:10 ET"
FXI,25.73,Call,26.5,2023-11-17,15,0.3,0.31,0.32,0.31,1985,2213,+641,28.95%,"14:41 ET"
QQQ,363.39,Put,352,2023-11-06,4,0.18,0.19,0.19,0.18,957,999,+640,19.80%,"15:13 ET"
TNA,24.85,Call,24,2023-11-17,15,1.61,1.63,1.65,1.61,997,1487,+640,59.13%,"15:14 ET"
QQQ,363.39,Call,353,2023-11-02,0,10.49,10.53,10.57,10.47,599,2540,+633,0.00%,"15:12 ET"
QQQ,363.39,Put,358,2023-11-08,6,1.27,1.28,1.28,1.28,715,742,+630,18.60%,"15:13 ET"
HYG,73.72,Put,67,2024-02-16,106,0.18,0.2,0.22,0.21,10000,32915,+630,14.23%,"13:23 ET"
SPY,430.61,Put,401,2023-12-15,43,1.88,1.88,1.89,1.94,2683,6904,+629,19.85%,"14:58 ET"
KRE,42,Call,39,2023-11-03,1,2.93,2.96,2.99,2.76,1448,1523,+628,45.79%,"14:21 ET"
SPY,430.61,Call,428,2023-11-09,7,4.97,4.98,4.98,4.91,3464,818,+628,14.26%,"15:02 ET"
UVXY,14.14,Call,16,2023-11-10,8,0.38,0.39,0.39,0.37,2241,1360,+624,111.29%,"15:13 ET"
SPY,430.61,Put,412,2023-11-07,5,0.11,0.11,0.12,0.12,669,1596,+622,20.30%,"14:58 ET"
SOXL,17.21,Call,16,2023-11-10,8,1.64,1.65,1.67,1.67,1508,2213,+622,81.08%,"15:10 ET"
QQQ,363.39,Put,342,2023-11-17,15,0.7,0.71,0.71,0.7,10933,14809,+616,23.26%,"15:14 ET"
QQQ,363.39,Put,365,2023-11-03,1,2.52,2.53,2.54,2.54,2416,1695,+613,22.90%,"15:15 ET"
HYG,73.72,Put,66,2024-05-17,197,0.34,0.37,0.4,0.38,681,1510,+600,14.17%,"15:08 ET"
SOXL,17.21,Call,19,2023-12-15,43,1.16,1.17,1.19,1.17,564,1990,+599,73.95%,"15:08 ET"
QQQ,363.39,Put,343,2023-11-10,8,0.26,0.27,0.27,0.28,1335,3303,+599,24.30%,"14:38 ET"
QQQ,363.39,Put,355,2023-11-17,15,2.34,2.35,2.36,2.36,15933,37297,+598,20.14%,"15:15 ET"
SVXY,87.54,Put,85,2023-11-03,1,0.2,0.25,0.3,0.25,701,632,+595,53.74%,"10:25 ET"
SPY,430.61,Put,420,2023-12-08,36,3.64,3.65,3.66,3.75,1068,1359,+593,15.72%,"15:01 ET"
TNA,24.85,Call,23,2023-11-03,1,1.78,1.81,1.84,1.75,2043,3203,+591,96.49%,"15:13 ET"
SPY,430.61,Call,431,2023-11-06,4,1.91,1.92,1.92,1.89,13598,1541,+589,11.54%,"15:15 ET"
SQQQ,19.51,Call,20.5,2023-11-17,15,0.54,0.55,0.55,0.54,950,1144,+587,58.81%,"15:14 ET"
SOXL,17.21,Call,17.5,2023-11-03,1,0.26,0.27,0.28,0.27,6188,4170,+585,91.73%,"15:15 ET"
IWM,169.72,Call,175,2023-12-01,29,1.62,1.63,1.64,1.59,647,4503,+583,18.51%,"15:08 ET"
SPY,430.61,Put,381,2024-01-19,78,1.9,1.9,1.91,1.97,2043,1168,+583,21.99%,"13:28 ET"
KRE,42,Call,40,2024-01-19,78,3.55,3.6,3.65,3.43,713,11340,+578,29.77%,"14:18 ET"
XBI,68.34,Call,70,2023-11-17,15,0.87,0.89,0.91,0.85,2078,15396,+578,27.24%,"14:59 ET"
TQQQ,36.29,Call,38,2023-11-10,8,0.45,0.46,0.46,0.45,2310,2875,+576,48.66%,"15:14 ET"
QQQ,363.39,Put,320,2023-11-17,15,0.15,0.16,0.16,0.16,699,39259,+572,31.17%,"15:14 ET"
SPY,430.61,Call,431,2023-12-01,29,7.4,7.41,7.41,7.32,977,1489,+569,14.32%,"15:10 ET"
IWM,169.72,Call,165,2023-12-15,43,8.02,8.04,8.06,7.95,3568,24042,+569,21.73%,"15:08 ET"
SQQQ,19.51,Call,20,2023-11-03,1,0.12,0.13,0.13,0.13,60978,5277,+569,78.93%,"15:15 ET"
SQQQ,19.51,Call,21,2023-11-10,8,0.22,0.23,0.23,0.23,2709,3211,+567,63.08%,"15:13 ET"
QQQ,363.39,Call,367,2023-12-15,43,8.69,8.71,8.72,8.7,1331,2291,+566,18.64%,"15:14 ET"
VXX,21.72,Put,22,2023-11-17,15,1.06,1.08,1.1,1.06,1474,23140,+563,59.24%,"15:05 ET"
TQQQ,36.29,Call,36.5,2023-11-10,8,1.06,1.07,1.07,1.06,4482,1521,+561,51.88%,"15:14 ET"
UCO,32.95,Call,32.5,2023-11-03,1,0.7,0.75,0.8,0.8,1292,1127,+561,75.37%,"14:41 ET"
SPY,430.61,Put,411,2023-11-10,8,0.27,0.28,0.28,0.28,626,3814,+560,19.79%,"15:06 ET"
SPY,430.61,Put,422,2023-11-07,5,0.47,0.48,0.48,0.48,3902,991,+560,15.26%,"15:15 ET"
TQQQ,36.29,Put,33.5,2023-11-10,8,0.31,0.32,0.32,0.31,591,1087,+559,61.17%,"15:15 ET"
HYG,73.72,Put,72,2023-12-15,43,0.33,0.36,0.39,0.37,27992,121882,+557,10.88%,"14:37 ET"
SPY,430.61,Put,425,2023-11-03,1,0.24,0.25,0.25,0.24,80398,9088,+557,20.10%,"15:15 ET"
SQQQ,19.51,Call,20.5,2023-11-10,8,0.31,0.32,0.32,0.3,2656,1603,+554,59.68%,"15:15 ET"
SPY,430.61,Call,421,2023-11-06,4,9.72,9.79,9.85,9.8,1250,2288,+552,13.46%,"15:14 ET"
SPY,430.61,Put,418,2023-11-07,5,0.24,0.25,0.25,0.25,2255,1768,+551,17.08%,"15:14 ET"
SPY,430.61,Call,435,2023-11-15,13,2.55,2.55,2.56,2.54,2870,549,+549,12.93%,"15:14 ET"
SPY,430.61,Put,411,2023-12-01,29,1.68,1.69,1.69,1.69,1195,3526,+546,17.40%,"15:12 ET"
SPY,430.61,Call,441,2023-12-15,43,4.37,4.38,4.39,4.34,1717,7592,+546,13.11%,"15:12 ET"
QQQ,363.39,Put,362,2023-11-02,0,0.15,0.16,0.16,0.16,120702,564,+546,9.01%,"15:15 ET"
SPY,430.61,Put,415,2023-12-15,43,3.64,3.65,3.65,3.65,5716,37818,+545,17.43%,"15:14 ET"
SPY,430.61,Put,400,2024-02-16,106,4.95,4.96,4.97,4.97,3481,9155,+541,19.31%,"15:14 ET"
TLT,86.88,Put,80,2024-01-19,78,0.76,0.78,0.79,0.78,895,16966,+539,21.30%,"15:01 ET"
IWM,169.72,Put,164,2023-12-15,43,2.2,2.22,2.23,2.25,2463,22264,+537,20.55%,"15:14 ET"
QQQ,363.39,Call,355,2023-11-03,1,8.69,8.73,8.77,8.7,8404,21141,+535,27.78%,"15:15 ET"
SPY,430.61,Put,412,2023-11-10,8,0.3,0.31,0.31,0.31,1907,8463,+530,19.39%,"15:10 ET"
SPY,430.61,Call,428,2023-11-17,15,6.93,6.95,6.96,6.89,10542,13722,+529,14.92%,"15:12 ET"
IWM,169.72,Call,166,2023-11-10,8,4.45,4.49,4.53,4.47,1044,10558,+528,22.06%,"15:15 ET"
TNA,24.85,Call,24,2023-11-10,8,1.32,1.34,1.36,1.26,982,863,+527,61.92%,"15:06 ET"
SPY,430.61,Call,429,2023-11-13,11,4.99,5,5,4.88,1472,770,+527,13.11%,"14:49 ET"
GDX,28.22,Call,28.5,2023-11-17,15,0.58,0.59,0.6,0.6,1555,1823,+519,31.82%,"14:53 ET"
SPY,430.61,Call,440,2023-11-14,12,0.87,0.88,0.88,0.86,864,518,+518,11.97%,"15:02 ET"
SPY,430.61,Put,350,2023-12-15,43,0.31,0.32,0.32,0.32,1951,69948,+518,30.48%,"15:07 ET"
SPY,430.61,Put,414,2023-11-10,8,0.37,0.38,0.38,0.38,2322,8425,+517,18.57%,"15:13 ET"
SPY,430.61,Call,423,2023-11-10,8,9.09,9.13,9.17,8.97,697,3357,+513,16.02%,"15:04 ET"
KRE,42,Call,43,2023-12-15,43,1.37,1.38,1.38,1.37,5953,7667,+510,30.12%,"15:15 ET"
TLT,86.88,Call,85.5,2023-11-10,8,2,2.01,2.03,1.94,1057,1390,+507,22.12%,"14:48 ET"
IWM,169.72,Put,160,2025-01-17,442,8.91,9,9.09,9.1,8507,27375,+500,22.24%,"14:44 ET"
SPY,430.61,Put,420,2023-12-01,29,2.98,2.99,2.99,2.99,14059,2525,+500,15.58%,"15:15 ET"
XME,50.73,Call,45,2023-11-17,15,5.8,5.85,5.9,5.6,500,502,+499,33.07%,"09:45 ET"
GDX,28.22,Put,28,2023-11-17,15,0.59,0.6,0.61,0.6,1043,12551,+499,31.02%,"15:14 ET"
TMF,4.49,Call,5,2025-01-17,442,1,1.05,1.1,1.05,1552,21750,+495,80.99%,"14:56 ET"
QQQ,363.39,Put,260,2024-03-15,134,0.99,1,1,0.99,688,11319,+493,33.31%,"14:36 ET"
SPXS,15.52,Call,17,2023-12-01,29,0.34,0.35,0.36,0.37,699,1360,+493,47.96%,"14:34 ET"
SQQQ,19.51,Call,22,2023-11-10,8,0.11,0.11,0.12,0.12,2740,3015,+493,68.41%,"15:11 ET"
SPY,430.61,Call,429,2023-11-09,7,4.3,4.31,4.32,4.31,2983,608,+492,13.99%,"15:14 ET"
QQQ,363.39,Put,360,2023-12-15,43,7.12,7.13,7.14,7.12,4642,55679,+491,19.42%,"15:15 ET"
QQQ,363.39,Call,366,2023-11-07,5,1.63,1.64,1.65,1.64,1038,648,+487,15.24%,"14:59 ET"
QQQ,363.39,Put,362,2023-11-03,1,1.14,1.15,1.15,1.15,39115,5497,+487,24.23%,"15:15 ET"
VXX,21.72,Put,23,2023-11-10,8,1.51,1.53,1.55,1.48,713,2399,+486,69.38%,"15:11 ET"
QQQ,363.39,Call,360,2023-11-08,6,5.44,5.5,5.56,5.5,1133,1429,+486,17.43%,"15:15 ET"
IWM,169.72,Call,165,2024-06-21,232,15.51,15.63,15.74,14.88,1554,18201,+484,20.69%,"11:15 ET"
PFF,29.54,Call,29,2023-11-17,15,0.7,0.73,0.75,0.7,845,2156,+483,13.23%,"15:09 ET"
IWM,169.72,Put,167,2023-11-03,1,0.15,0.16,0.16,0.16,8065,1246,+482,26.14%,"15:15 ET"
QQQ,363.39,Call,369,2023-12-15,43,7.66,7.67,7.68,7.55,749,5005,+480,18.36%,"15:03 ET"
SPY,430.61,Put,417,2023-11-10,8,0.53,0.54,0.54,0.54,4676,3448,+479,17.48%,"15:14 ET"
SPY,430.61,Put,424,2023-11-03,1,0.17,0.18,0.18,0.17,30311,3706,+478,20.78%,"15:15 ET"
IWM,169.72,Call,168,2023-11-13,11,3.17,3.19,3.21,2.77,696,505,+478,19.19%,"13:51 ET"
SPY,430.61,Call,428,2023-11-13,11,5.65,5.66,5.66,5.52,2115,753,+477,13.34%,"14:54 ET"
QQQ,363.39,Call,373,2023-12-15,43,5.83,5.84,5.84,5.73,533,4997,+476,17.84%,"15:03 ET"
UVXY,14.14,Call,14.5,2023-11-03,1,0.27,0.28,0.29,0.29,4101,596,+474,119.09%,"15:14 ET"
ARKK,38.19,Call,35,2023-11-03,1,3.2,3.25,3.3,3.25,599,3408,+466,89.62%,"14:44 ET"
SPY,430.61,Call,432,2023-11-08,6,2.19,2.2,2.2,2.1,4284,1051,+464,12.54%,"15:04 ET"
SPY,430.61,Put,424,2023-11-10,8,1.36,1.37,1.37,1.38,5416,3001,+463,15.29%,"15:15 ET"
TQQQ,36.29,Call,35.5,2023-11-10,8,1.64,1.65,1.65,1.65,4003,3339,+462,54.37%,"15:12 ET"
GDX,28.22,Call,30,2023-11-17,15,0.18,0.19,0.2,0.18,570,21224,+458,32.27%,"15:07 ET"
IWM,169.72,Put,162,2023-11-24,22,0.85,0.86,0.87,0.88,1067,1698,+456,21.31%,"15:07 ET"
SQQQ,19.51,Put,19,2023-11-10,8,0.36,0.37,0.37,0.36,1638,2421,+447,50.71%,"15:12 ET"
SPY,430.61,Put,423,2023-11-03,1,0.12,0.13,0.13,0.12,40115,7351,+447,21.45%,"15:15 ET"
QQQ,363.39,Put,356,2023-11-06,4,0.43,0.44,0.44,0.46,1753,506,+446,18.07%,"15:06 ET"
TQQQ,36.29,Call,39.5,2023-11-10,8,0.15,0.16,0.16,0.15,674,1409,+442,46.62%,"14:56 ET"
SPY,430.61,Put,414,2023-11-07,5,0.13,0.14,0.14,0.14,745,1314,+440,18.97%,"15:14 ET"
BITO,17.65,Call,15,2023-12-15,43,3,3.05,3.1,2.98,1542,3810,+439,57.59%,"13:10 ET"
TLT,86.88,Call,87,2023-11-17,15,1.54,1.55,1.55,1.53,9467,53337,+437,21.65%,"15:14 ET"
UUP,29.9,Put,30,2023-11-17,15,0.16,0.18,0.2,0.15,1085,4438,+432,5.96%,"12:14 ET"
SOXL,17.21,Call,17,2023-11-17,15,1.24,1.25,1.25,1.27,2585,3350,+432,74.55%,"15:14 ET"
QQQ,363.39,Put,355,2023-11-07,5,0.55,0.56,0.56,0.55,502,1016,+431,18.99%,"15:15 ET"
SPY,430.61,Put,385,2023-12-01,29,0.42,0.43,0.43,0.42,1292,3260,+430,23.17%,"15:14 ET"
QQQ,363.39,Call,368,2023-11-17,15,3.48,3.49,3.49,3.51,5100,9793,+430,17.34%,"15:15 ET"
QQQ,363.39,Put,350,2023-11-08,6,0.33,0.34,0.34,0.34,724,882,+429,21.25%,"15:12 ET"
TMF,4.49,Call,5,2024-01-19,78,0.25,0.3,0.35,0.28,1426,24358,+429,61.93%,"14:45 ET"
SPY,430.61,Put,423,2023-11-09,7,0.99,1,1,0.99,3620,475,+428,15.40%,"15:15 ET"
SPY,430.61,Put,420,2024-03-15,134,10.36,10.38,10.39,10.44,1337,15925,+425,17.03%,"15:11 ET"
SOXL,17.21,Call,16.5,2023-11-10,8,1.28,1.29,1.3,1.31,1080,1586,+424,77.23%,"15:10 ET"
QQQ,363.39,Call,361,2023-11-06,4,3.96,3.98,4,3.97,3287,2208,+424,15.54%,"15:15 ET"
QQQ,363.39,Call,368,2023-12-15,43,8.17,8.18,8.19,8.09,785,2639,+423,18.50%,"15:01 ET"
SPY,430.61,Put,410,2023-12-08,36,2.1,2.11,2.11,2.15,688,1179,+420,17.62%,"15:03 ET"
SPY,430.61,Put,415,2023-11-08,6,0.23,0.24,0.24,0.24,893,2713,+420,18.35%,"15:12 ET"
IWM,169.72,Call,172,2023-12-01,29,2.73,2.75,2.77,2.7,690,865,+419,19.06%,"15:13 ET"
SQQQ,19.51,Call,23,2023-12-15,43,0.68,0.69,0.69,0.69,2231,9397,+417,66.65%,"15:15 ET"
UNG,7.29,Call,8,2023-11-17,15,0.1,0.11,0.11,0.1,523,11227,+416,56.34%,"15:02 ET"
SLV,20.84,Call,30,2024-06-28,239,0.33,0.34,0.35,0.33,1031,4278,+415,32.47%,"11:50 ET"
QQQ,363.39,Put,350,2023-11-06,4,0.13,0.14,0.14,0.14,27975,1891,+415,21.40%,"15:10 ET"
TLT,86.88,Call,87,2023-11-03,1,0.45,0.46,0.47,0.46,9815,21780,+414,27.75%,"15:15 ET"
UVXY,14.14,Call,15.5,2023-11-10,8,0.46,0.46,0.47,0.46,833,1152,+413,104.19%,"15:15 ET"
SPY,430.61,Call,428,2023-11-06,4,3.74,3.76,3.78,3.75,12321,1656,+412,12.05%,"15:15 ET"
UVXY,14.14,Call,15,2023-11-17,15,0.84,0.85,0.86,0.86,717,4033,+411,96.47%,"15:14 ET"
QQQ,363.39,Call,363,2023-11-06,4,2.68,2.69,2.69,2.68,3957,1097,+410,15.10%,"15:15 ET"
SQQQ,19.51,Put,20,2023-11-10,8,0.93,0.94,0.95,0.95,1175,1672,+409,57.55%,"15:14 ET"
QQQ,363.39,Put,329,2023-12-15,43,1.46,1.46,1.47,1.51,3074,3564,+408,24.57%,"14:04 ET"
TSLL,12.35,Call,11,2023-12-15,43,2,2.03,2.05,2.02,537,958,+407,71.91%,"14:40 ET"
SPY,430.61,Put,414,2023-11-13,11,0.5,0.51,0.51,0.5,686,433,+407,17.04%,"15:15 ET"
SPY,430.61,Put,425,2023-11-13,11,1.82,1.83,1.83,1.85,1163,451,+406,13.99%,"15:13 ET"
TLT,86.88,Call,84,2023-12-15,43,4.3,4.35,4.4,4.34,1904,22149,+406,19.76%,"15:15 ET"
QQQ,363.39,Put,326,2023-12-15,43,1.25,1.26,1.26,1.28,635,9178,+405,25.08%,"14:57 ET"
TLT,86.88,Put,84.5,2023-11-17,15,0.56,0.57,0.57,0.59,632,952,+403,21.72%,"14:54 ET"
SPY,430.61,Put,220,2024-03-15,134,0.26,0.27,0.27,0.26,550,2095,+402,47.83%,"14:55 ET"
QQQ,363.39,Call,365,2023-11-09,7,2.88,2.89,2.9,2.91,2655,596,+402,16.98%,"15:14 ET"
TLT,86.88,Call,88,2023-12-01,29,1.56,1.58,1.59,1.52,1373,1714,+401,19.91%,"14:58 ET"
SPY,430.61,Call,435,2023-11-10,8,1.64,1.65,1.65,1.65,16574,10606,+401,12.96%,"15:15 ET"
KWEB,26.29,Call,27,2023-11-17,15,0.42,0.43,0.43,0.43,2813,10202,+399,33.19%,"15:09 ET"
TLT,86.88,Call,88.5,2023-11-17,15,0.89,0.9,0.91,0.91,809,1025,+397,21.54%,"15:12 ET"
SPY,430.61,Call,438,2023-11-06,4,0.14,0.15,0.15,0.15,2072,639,+397,10.86%,"15:15 ET"
SPY,430.61,Call,425,2023-11-09,7,7.19,7.22,7.25,7.2,1461,980,+396,15.08%,"15:03 ET"
SMH,146.44,Call,150,2023-12-15,43,4.25,4.3,4.35,4.34,1694,3595,+396,26.31%,"15:12 ET"
SPY,430.61,Put,422,2023-11-08,6,0.66,0.67,0.67,0.69,2254,507,+396,15.52%,"15:08 ET"
SPY,430.61,Call,430,2023-11-24,22,6.76,6.77,6.78,6.79,3332,4946,+396,14.13%,"15:15 ET"
QQQ,363.39,Call,352,2023-11-06,4,11.78,11.83,11.87,11.71,575,1014,+395,17.29%,"15:07 ET"
SPY,430.61,Call,421,2023-11-17,15,12.2,12.24,12.27,12.23,605,5792,+395,16.68%,"15:14 ET"
SPY,430.61,Put,414,2023-12-15,43,3.47,3.48,3.48,3.51,3400,7553,+395,17.59%,"15:11 ET"
SPY,430.61,Put,425,2023-11-15,13,2.32,2.33,2.33,2.42,2392,394,+394,14.76%,"15:02 ET"
SPY,430.61,Call,430,2023-11-06,4,2.45,2.46,2.46,2.46,20126,4484,+393,11.74%,"15:15 ET"
UVXY,14.14,Put,13.5,2023-11-10,8,0.29,0.3,0.31,0.29,917,670,+392,76.76%,"15:13 ET"
SPY,430.61,Call,437,2023-12-01,29,4.27,4.28,4.28,4.25,1078,1372,+392,13.32%,"15:15 ET"
SPY,430.61,Put,420,2023-11-09,7,0.63,0.64,0.64,0.63,7621,765,+390,16.32%,"15:15 ET"
SQQQ,19.51,Put,20,2023-11-03,1,0.63,0.64,0.65,0.63,3034,4560,+389,73.64%,"15:13 ET"
XRT,60.22,Put,55,2024-03-15,134,1.53,1.59,1.64,1.65,579,3457,+387,28.25%,"14:34 ET"
TLT,86.88,Put,75,2024-03-15,134,0.61,0.63,0.64,0.61,5220,11882,+387,22.35%,"15:07 ET"
SPY,430.61,Put,400,2024-03-15,134,6.23,6.24,6.25,6.24,1344,64849,+385,19.30%,"15:14 ET"
SPY,430.61,Call,425,2023-12-29,57,14.51,14.54,14.56,14.43,2020,5742,+384,14.49%,"15:11 ET"
SLV,20.84,Call,21,2023-11-03,1,0.1,0.11,0.11,0.11,2382,7257,+383,37.47%,"15:06 ET"
SPY,430.61,Put,430,2023-11-03,1,1.35,1.36,1.36,1.35,57374,3815,+382,17.72%,"15:15 ET"
XBI,68.34,Call,75,2024-01-19,78,1.35,1.38,1.4,1.34,1328,5003,+381,27.01%,"15:05 ET"
SPY,430.61,Put,421,2023-11-09,7,0.73,0.74,0.74,0.74,1143,926,+380,16.07%,"15:14 ET"
GLD,184,Put,184,2023-11-17,15,1.73,1.74,1.75,1.72,714,1981,+379,13.28%,"13:49 ET"
SPY,430.61,Call,432.5,2023-11-03,1,0.73,0.74,0.74,0.74,19714,4447,+379,17.00%,"15:15 ET"
SPY,430.61,Put,419,2023-11-10,8,0.69,0.7,0.7,0.7,3870,5900,+378,16.83%,"15:03 ET"
XHB,75.54,Put,64,2024-03-15,134,1.14,1.15,1.17,1.23,750,1651,+378,31.60%,"10:14 ET"
GDX,28.22,Call,30,2024-01-19,78,0.87,0.88,0.89,0.88,2051,69620,+376,28.28%,"15:15 ET"
SQQQ,19.51,Call,20,2023-12-15,43,1.38,1.38,1.39,1.41,3050,18826,+376,58.46%,"15:05 ET"
TLT,86.88,Put,84.5,2023-11-10,8,0.28,0.29,0.29,0.29,537,1457,+375,22.07%,"15:06 ET"
UVXY,14.14,Call,15,2023-12-15,43,1.75,1.76,1.77,1.78,547,6726,+375,101.56%,"15:03 ET"
SPY,430.61,Put,424,2023-11-09,7,1.15,1.15,1.16,1.19,2244,464,+375,15.12%,"15:10 ET"
SPY,430.61,Call,434,2023-11-10,8,2.01,2.01,2.02,2,3230,4207,+375,13.12%,"15:14 ET"
SPY,430.61,Call,422,2023-11-06,4,8.78,8.84,8.9,8.69,929,3313,+371,13.05%,"14:55 ET"
SPY,430.61,Put,420,2023-11-08,6,0.47,0.48,0.48,0.48,8975,1209,+368,16.21%,"15:13 ET"
QQQ,363.39,Call,364,2023-12-15,43,10.37,10.39,10.4,10.37,1256,10518,+366,19.04%,"15:12 ET"
SQQQ,19.51,Call,22,2023-11-17,15,0.27,0.28,0.28,0.27,1303,5076,+366,65.00%,"14:58 ET"
SPY,430.61,Put,419,2023-11-07,5,0.27,0.28,0.28,0.28,2469,821,+365,16.45%,"15:11 ET"
SPY,430.61,Put,418,2023-11-09,7,0.47,0.48,0.48,0.48,897,681,+364,17.07%,"15:15 ET"
JETS,15.29,Call,16.86,2024-01-19,78,0.26,0.27,0.27,0.26,654,13672,+362,25.87%,"15:02 ET"
SPY,430.61,Put,411,2023-11-17,15,0.77,0.78,0.78,0.77,2053,19324,+360,18.62%,"15:15 ET"
TQQQ,36.29,Call,36,2023-11-17,15,1.8,1.81,1.81,1.79,2915,5430,+359,54.23%,"15:10 ET"
QQQ,363.39,Put,354,2023-11-24,22,2.87,2.88,2.89,2.97,605,872,+358,19.65%,"14:40 ET"
SPY,430.61,Put,412,2023-12-01,29,1.78,1.79,1.79,1.81,967,1904,+357,17.15%,"15:07 ET"
TLT,86.88,Call,86.5,2023-11-17,15,1.81,1.82,1.83,1.83,1359,1176,+357,22.00%,"15:11 ET"
SPY,430.61,Call,436,2023-12-08,36,5.77,5.78,5.78,5.76,682,778,+353,13.73%,"15:15 ET"
TLT,86.88,Put,84,2023-11-24,22,0.58,0.59,0.6,0.6,647,739,+352,20.61%,"15:07 ET"
QQQ,363.39,Call,364,2023-11-24,22,6.64,6.65,6.67,6.56,2427,795,+352,17.79%,"15:06 ET"
IWM,169.72,Call,179,2023-11-17,15,0.26,0.27,0.27,0.24,3445,5650,+351,19.09%,"15:09 ET"
SOXS,11.62,Call,12.5,2023-11-10,8,0.2,0.23,0.25,0.23,1005,870,+348,84.05%,"15:10 ET"
QQQ,363.39,Put,347,2023-12-01,29,2.33,2.34,2.35,2.36,1032,569,+347,21.09%,"15:08 ET"
SPY,430.61,Put,415,2023-11-13,11,0.55,0.56,0.56,0.57,2854,1575,+347,16.72%,"15:15 ET"
SPY,430.61,Call,434,2024-01-19,78,11.17,11.18,11.2,11.14,527,1599,+346,13.70%,"14:55 ET"
BITO,17.65,Call,17.5,2023-11-03,1,0.26,0.29,0.32,0.27,679,2630,+345,59.44%,"14:51 ET"
QQQ,363.39,Put,358,2023-11-06,4,0.68,0.69,0.69,0.7,1502,731,+345,17.30%,"15:15 ET"
QQQ,363.39,Call,390,2023-12-15,43,1.3,1.31,1.31,1.3,1669,29048,+345,16.24%,"15:13 ET"
SOXS,11.62,Put,12.5,2023-11-03,1,0.95,1,1.05,1.05,535,1043,+344,142.79%,"15:11 ET"
QQQ,363.39,Put,358,2023-11-07,5,0.99,1,1,0.98,1398,402,+344,18.11%,"15:14 ET"
XLF,33.31,Put,32,2023-12-15,43,0.3,0.31,0.31,0.31,712,84489,+343,18.82%,"14:48 ET"
UVXY,14.14,Call,14,2023-11-03,1,0.49,0.51,0.52,0.51,3416,416,+343,101.73%,"15:14 ET"
TLT,86.88,Call,88,2023-11-03,1,0.12,0.13,0.14,0.14,12667,13195,+343,27.94%,"15:12 ET"
SPY,430.61,Call,426,2023-11-24,22,9.42,9.45,9.47,9.46,867,1825,+339,15.01%,"14:44 ET"
SPY,430.61,Call,433,2023-12-15,43,8.24,8.25,8.26,8.19,686,14297,+336,14.19%,"15:13 ET"
SPY,430.61,Put,420,2023-11-24,22,2.27,2.28,2.29,2.27,3572,5739,+336,15.49%,"15:15 ET"
IWM,169.72,Call,167,2023-11-10,8,3.68,3.71,3.74,3.64,960,2662,+334,21.50%,"15:13 ET"
LABU,2.98,Call,2.5,2023-11-10,8,0.47,0.5,0.52,0.48,1757,1214,+334,106.47%,"14:50 ET"
SPY,430.61,Put,432,2023-11-10,8,4,4.01,4.01,4,1852,1058,+334,13.24%,"15:14 ET"
SPY,430.61,Put,387,2024-01-19,78,2.3,2.3,2.31,2.35,616,1230,+332,21.12%,"14:35 ET"
SPY,430.61,Call,443,2023-12-15,43,3.63,3.64,3.65,3.63,2144,10847,+332,12.86%,"15:15 ET"
IWM,169.72,Put,165,2023-12-15,43,2.47,2.48,2.49,2.52,4685,129206,+332,20.25%,"15:12 ET"
TLT,86.88,Call,90,2023-11-17,15,0.47,0.48,0.49,0.49,6524,30013,+332,21.46%,"15:12 ET"
QQQ,363.39,Put,359,2023-11-03,1,0.45,0.46,0.46,0.45,19973,3352,+331,25.70%,"15:15 ET"
SPY,430.61,Call,445,2023-12-29,57,3.82,3.84,3.85,3.83,2850,12949,+330,12.10%,"15:14 ET"
SQQQ,19.51,Call,25,2023-12-01,29,0.23,0.24,0.24,0.23,686,833,+329,70.67%,"15:15 ET"
QQQ,363.39,Put,356,2023-11-08,6,0.91,0.92,0.92,0.94,724,746,+329,19.17%,"15:10 ET"
SPY,430.61,Put,432.5,2023-11-10,8,4.26,4.27,4.27,4.35,1110,657,+329,13.15%,"15:11 ET"
XLF,33.31,Call,36,2024-03-15,134,0.41,0.42,0.42,0.39,2008,20734,+328,14.47%,"14:15 ET"
SPY,430.61,Put,421,2023-12-15,43,4.9,4.91,4.91,4.95,685,8381,+327,16.44%,"15:09 ET"
USO,76.25,Put,74,2023-12-15,43,2.53,2.57,2.6,2.55,1308,835,+327,36.70%,"14:01 ET"
SPY,430.61,Put,422,2023-11-09,7,0.85,0.86,0.86,0.88,1026,328,+326,15.73%,"15:10 ET"
QQQ,363.39,Put,353,2023-11-17,15,1.95,1.96,1.96,1.97,906,1709,+325,20.57%,"15:13 ET"
SOXL,17.21,Call,18,2023-11-17,15,0.75,0.76,0.77,0.75,1483,3948,+325,71.62%,"15:14 ET"
QQQ,363.39,Call,370,2023-11-10,8,1.31,1.32,1.32,1.29,3255,3750,+325,16.40%,"15:07 ET"
SPY,430.61,Put,419,2023-11-09,7,0.54,0.55,0.55,0.58,572,719,+324,16.65%,"15:08 ET"
EWZ,31.56,Call,31,2024-03-15,134,2.07,2.1,2.13,2.08,804,1596,+324,21.70%,"13:18 ET"
TQQQ,36.29,Call,34,2023-11-17,15,3.1,3.15,3.2,3.15,923,2679,+323,58.76%,"15:15 ET"
SPY,430.61,Put,403,2023-12-01,29,1.04,1.05,1.05,1.07,1717,960,+322,19.06%,"15:03 ET"
GLD,184,Put,183,2023-11-03,1,0.26,0.27,0.28,0.26,1348,1262,+319,18.13%,"15:10 ET"
SPY,430.61,Call,427,2023-11-17,15,7.62,7.63,7.64,7.55,5849,14045,+317,15.16%,"15:13 ET"
SPY,430.61,Call,428,2023-11-10,8,5.29,5.3,5.3,5.28,7417,4639,+315,14.54%,"15:14 ET"
MSOS,5.62,Call,5,2024-01-19,78,1.12,1.18,1.24,1.18,1053,10843,+314,81.28%,"14:30 ET"
QQQ,363.39,Call,369,2023-11-10,8,1.6,1.61,1.62,1.6,2378,5391,+314,16.52%,"15:08 ET"
SPY,430.61,Call,424,2023-11-03,1,6.61,6.67,6.73,6.63,7286,9495,+311,18.98%,"15:15 ET"
SPY,430.61,Call,440,2023-12-08,36,3.99,4,4.01,3.99,749,4235,+308,13.14%,"15:15 ET"
SQQQ,19.51,Call,22,2024-01-19,78,1.36,1.37,1.38,1.36,1076,4034,+308,61.22%,"15:12 ET"
QQQ,363.39,Call,363,2023-11-10,8,4.32,4.34,4.35,4.31,6596,2419,+307,17.94%,"15:12 ET"
SPY,430.61,Put,405,2023-11-10,8,0.16,0.17,0.17,0.17,1642,12417,+307,22.46%,"15:15 ET"
SPY,430.61,Put,430,2024-03-15,134,13.47,13.49,13.5,13.52,1710,15023,+307,15.93%,"15:15 ET"
SMH,146.44,Call,160,2023-12-15,43,1.22,1.24,1.26,1.2,2049,16041,+306,24.76%,"15:06 ET"
SPY,430.61,Call,435,2023-12-29,57,8.23,8.24,8.25,8.18,518,8185,+305,13.18%,"15:10 ET"
XLU,61.7,Call,61,2023-11-03,1,0.7,0.72,0.74,0.76,1120,2222,+305,25.34%,"15:15 ET"
QQQ,363.39,Call,365,2023-11-08,6,2.44,2.45,2.45,2.37,2782,552,+304,16.04%,"15:01 ET"
TLT,86.88,Call,85,2024-01-19,78,4.4,4.45,4.5,4.43,4439,14280,+304,18.37%,"15:11 ET"
TMF,4.49,Call,11,2026-01-16,806,0.6,0.63,0.65,0.65,1817,6056,+303,84.73%,"13:29 ET"
QQQ,363.39,Call,363,2023-11-08,6,3.5,3.51,3.53,3.44,3576,748,+303,16.56%,"15:03 ET"
QQQ,363.39,Put,353,2023-11-06,4,0.22,0.23,0.23,0.24,1343,926,+302,19.38%,"15:04 ET"
SMH,146.44,Put,120,2023-12-15,43,0.33,0.35,0.36,0.35,1894,2067,+302,36.92%,"15:08 ET"
IWM,169.72,Call,170,2023-11-13,11,2,2.01,2.02,2.03,1942,1646,+301,18.37%,"15:15 ET"
TLT,86.88,Put,85,2024-06-21,232,3.75,3.83,3.9,4.1,3008,4356,+301,20.53%,"13:00 ET"
GDX,28.22,Put,27.5,2023-11-17,15,0.38,0.4,0.41,0.37,510,3231,+300,30.96%,"14:33 ET"
SPY,430.61,Put,409,2023-11-10,8,0.22,0.23,0.23,0.24,3951,3835,+298,20.51%,"15:10 ET"
TQQQ,36.29,Put,32.5,2023-11-10,8,0.19,0.2,0.2,0.19,922,738,+297,64.44%,"15:11 ET"
IWM,169.72,Put,168,2023-11-17,15,1.9,1.91,1.92,1.92,2408,71337,+296,19.80%,"15:15 ET"
QQQ,363.39,Call,364,2023-11-06,4,2.12,2.13,2.14,2.13,2110,731,+294,14.86%,"15:15 ET"
IWM,169.72,Call,170,2023-11-08,6,1.43,1.44,1.45,1.39,6951,480,+293,18.76%,"15:13 ET"
QQQ,363.39,Call,370,2023-12-15,43,7.17,7.18,7.19,7.16,3642,59032,+291,18.22%,"15:13 ET"
ARKK,38.19,Call,37,2023-12-15,43,2.77,2.8,2.82,2.76,652,804,+290,38.52%,"14:56 ET"
SPY,430.61,Put,415,2023-12-08,36,2.75,2.76,2.76,2.76,905,2241,+290,16.66%,"15:15 ET"
IWM,169.72,Call,171,2023-11-06,4,0.6,0.61,0.61,0.57,1497,592,+290,16.66%,"15:12 ET"
XLP,68.69,Call,69,2024-01-19,78,1.57,1.6,1.63,1.66,690,4011,+288,11.33%,"14:27 ET"
QQQ,363.39,Put,360,2023-11-07,5,1.43,1.44,1.45,1.46,2142,363,+287,17.46%,"15:10 ET"
SOXL,17.21,Call,16.5,2023-11-17,15,1.55,1.56,1.57,1.48,865,877,+286,76.94%,"15:03 ET"
TQQQ,36.29,Call,37.5,2023-11-03,1,0.12,0.13,0.13,0.12,3349,2867,+286,64.45%,"15:13 ET"
SQQQ,19.51,Call,23,2024-01-19,78,1.18,1.19,1.2,1.22,598,3424,+285,64.17%,"15:04 ET"
SOXL,17.21,Call,15.5,2023-11-10,8,2.05,2.07,2.08,2.07,733,945,+285,83.07%,"15:14 ET"
SPY,430.61,Put,340,2024-01-19,78,0.66,0.67,0.67,0.67,692,23090,+284,28.94%,"15:14 ET"
IWM,169.72,Call,170,2023-11-10,8,1.82,1.83,1.84,1.83,12727,12890,+283,19.99%,"15:15 ET"
QQQ,363.39,Put,350,2023-12-01,29,2.83,2.84,2.85,2.83,2902,1811,+282,20.45%,"15:15 ET"
DXJ,89.81,Call,93,2023-11-17,15,0.1,0.25,0.4,0.25,1215,2980,+281,16.38%,"14:11 ET"
QQQ,363.39,Put,354,2023-11-17,15,2.14,2.15,2.15,2.13,3033,5374,+280,20.33%,"15:14 ET"
VXX,21.72,Call,22.5,2023-11-03,1,0.18,0.2,0.21,0.22,635,509,+279,89.54%,"14:59 ET"
SPY,430.61,Put,420,2024-02-16,106,8.84,8.86,8.88,8.93,639,7561,+279,16.82%,"15:09 ET"
SPY,430.61,Put,425,2023-11-07,5,0.85,0.86,0.86,0.86,6903,1132,+279,14.25%,"15:15 ET"
SPY,430.61,Call,425,2023-11-24,22,10.15,10.18,10.2,10.07,556,3485,+278,15.20%,"15:08 ET"
QQQ,363.39,Call,354,2023-11-08,6,10.31,10.41,10.51,10.19,571,916,+278,19.07%,"14:23 ET"
LABU,2.98,Call,3,2023-11-17,15,0.18,0.19,0.19,0.18,932,4556,+277,75.18%,"14:50 ET"
IWM,169.72,Call,180,2023-11-17,15,0.19,0.2,0.2,0.19,9034,47513,+276,19.03%,"15:15 ET"
SPY,430.61,Call,429,2023-12-01,29,8.64,8.65,8.66,8.58,854,1756,+276,14.70%,"15:10 ET"
FXI,25.73,Put,26,2023-11-17,15,0.68,0.7,0.72,0.71,12710,698,+275,27.74%,"14:37 ET"
UVXY,14.14,Call,20,2024-01-19,78,1.58,1.6,1.61,1.6,517,4379,+273,119.89%,"15:14 ET"
QQQ,363.39,Put,344,2023-11-10,8,0.29,0.3,0.3,0.31,1026,1764,+271,23.86%,"15:03 ET"
TNA,24.85,Call,24.5,2023-11-03,1,0.52,0.54,0.55,0.52,1236,1283,+271,71.53%,"15:14 ET"
IWM,169.72,Put,166,2023-11-10,8,0.74,0.75,0.75,0.79,1907,1455,+271,20.94%,"15:11 ET"
IWM,169.72,Call,169,2023-11-06,4,1.53,1.54,1.55,1.5,2227,956,+270,17.45%,"15:14 ET"
GDX,28.22,Call,28.5,2023-11-03,1,0.11,0.12,0.13,0.12,537,1745,+266,42.53%,"15:15 ET"
TLT,86.88,Put,85,2024-01-19,78,2.07,2.09,2.1,2.1,6585,8188,+266,20.48%,"15:00 ET"
QQQ,363.39,Put,280,2023-12-15,43,0.19,0.2,0.2,0.2,5095,47995,+265,35.64%,"14:15 ET"
SPXS,15.52,Put,16,2023-11-10,8,0.65,0.67,0.68,0.65,575,620,+265,41.67%,"15:01 ET"
SPY,430.61,Call,450,2024-03-15,134,8.85,8.87,8.89,8.83,722,16500,+263,13.37%,"15:12 ET"
QQQ,363.39,Put,355,2023-11-24,22,3.1,3.11,3.12,3.1,2322,1164,+263,19.42%,"15:15 ET"
QQQ,363.39,Put,357,2023-11-06,4,0.54,0.55,0.55,0.56,4549,746,+261,17.66%,"15:13 ET"
SOXL,17.21,Call,20,2023-12-15,43,0.86,0.87,0.88,0.88,737,871,+260,73.79%,"15:13 ET"
QQQ,363.39,Call,371,2023-11-10,8,1.06,1.07,1.07,1.04,809,3424,+260,16.25%,"15:05 ET"
TLT,86.88,Call,89,2023-11-10,8,0.36,0.37,0.38,0.35,1009,1322,+259,21.12%,"15:05 ET"
SPY,430.61,Call,435,2023-11-24,22,4.06,4.06,4.07,4.07,3876,4197,+259,13.25%,"15:14 ET"
QQQ,363.39,Call,368,2023-11-07,5,0.97,0.98,0.98,0.99,597,442,+257,14.90%,"15:14 ET"
TNA,24.85,Call,25,2023-11-10,8,0.76,0.77,0.77,0.76,1091,1059,+257,58.65%,"15:15 ET"
ARKK,38.19,Call,36,2023-11-17,15,2.69,2.72,2.75,2.75,503,1637,+256,42.79%,"15:08 ET"
QQQ,363.39,Call,363,2023-11-24,22,7.23,7.25,7.26,7.13,4631,1131,+253,18.00%,"15:05 ET"
QQQ,363.39,Put,351,2023-11-07,5,0.26,0.27,0.27,0.28,627,792,+253,20.64%,"15:07 ET"
GLD,184,Put,182,2023-11-10,8,0.57,0.58,0.59,0.56,776,632,+253,13.53%,"15:03 ET"
QQQ,363.39,Put,367,2023-11-17,15,6.65,6.67,6.69,6.84,859,4999,+253,17.37%,"14:48 ET"
QQQ,363.39,Call,367,2023-11-09,7,1.99,2,2.01,2.01,579,444,+252,16.54%,"15:14 ET"
TMF,4.49,Call,4.5,2023-11-17,15,0.2,0.23,0.25,0.25,2373,749,+252,73.18%,"15:03 ET"
SPY,430.61,Call,442,2023-12-15,43,3.99,4,4.01,3.98,2594,18825,+252,12.99%,"15:14 ET"
QQQ,363.39,Call,360,2023-11-06,4,4.7,4.72,4.74,4.69,2778,2222,+252,15.90%,"15:12 ET"
QQQ,363.39,Put,357,2023-11-07,5,0.81,0.82,0.83,0.83,3148,408,+252,18.50%,"15:09 ET"
IWM,169.72,Put,160,2023-12-08,36,1.13,1.14,1.15,1.18,526,393,+251,21.83%,"15:11 ET"
UVXY,14.14,Call,17,2023-11-17,15,0.51,0.53,0.54,0.55,645,3021,+251,117.28%,"15:06 ET"
VXX,21.72,Put,21,2023-11-10,8,0.25,0.26,0.26,0.25,797,1200,+251,48.55%,"15:07 ET"
SPY,430.61,Call,437,2023-11-13,11,1.3,1.31,1.31,1.29,1198,251,+251,11.69%,"15:03 ET"
TQQQ,36.29,Put,31,2023-11-10,8,0.09,0.1,0.1,0.1,1313,1619,+250,71.35%,"15:12 ET"
QQQ,363.39,Put,359,2023-11-17,15,3.36,3.37,3.38,3.47,2253,3381,+250,19.14%,"15:03 ET"
SPY,430.61,Call,440,2023-11-13,11,0.65,0.66,0.66,0.68,509,378,+249,11.36%,"14:46 ET"
GLD,184,Call,191,2023-12-15,43,1.49,1.51,1.52,1.5,537,1070,+249,14.20%,"15:01 ET"
SPY,430.61,Put,415,2023-11-07,5,0.15,0.16,0.16,0.17,1202,2057,+249,18.36%,"15:12 ET"
SPY,430.61,Put,398,2023-11-10,8,0.11,0.11,0.12,0.11,2440,12842,+249,25.83%,"14:57 ET"
FXI,25.73,Put,26.85,2023-11-17,15,1.25,1.28,1.31,1.28,10053,56164,+249,27.04%,"15:11 ET"
SPY,430.61,Put,415,2023-12-01,29,2.15,2.16,2.17,2.16,4110,4652,+248,16.55%,"15:14 ET"
QQQ,363.39,Put,355,2023-12-15,43,5.55,5.56,5.57,5.59,5367,49055,+248,20.23%,"15:10 ET"
SLV,20.84,Put,20,2023-11-17,15,0.11,0.11,0.12,0.11,1084,48020,+248,25.28%,"14:52 ET"
ARKK,38.19,Call,45,2024-01-19,78,0.57,0.59,0.6,0.58,1203,10800,+248,34.03%,"14:46 ET"
SPY,430.61,Put,408,2023-11-10,8,0.21,0.22,0.22,0.21,3246,6365,+247,21.01%,"15:12 ET"
UVIX,28.07,Call,32.5,2023-11-10,8,1.05,1.1,1.15,1.15,563,250,+246,146.09%,"15:11 ET"
QQQ,363.39,Call,363,2023-11-07,5,3.11,3.13,3.14,3.16,1891,630,+246,15.99%,"15:14 ET"
SPY,430.61,Put,417,2023-11-14,12,0.88,0.89,0.89,0.9,820,335,+244,16.66%,"15:12 ET"
SPXS,15.52,Call,16,2023-11-10,8,0.23,0.24,0.24,0.24,858,3227,+244,45.63%,"15:13 ET"
QQQ,363.39,Put,347,2023-11-17,15,1.12,1.13,1.13,1.12,1477,4638,+244,22.03%,"15:11 ET"
TQQQ,36.29,Call,33.5,2023-11-17,15,3.5,3.53,3.55,3.5,1249,908,+243,58.36%,"14:41 ET"
SQQQ,19.51,Call,24,2023-12-15,43,0.55,0.56,0.56,0.56,1763,2926,+243,69.22%,"15:10 ET"
QQQ,363.39,Put,360,2023-11-10,8,2.33,2.34,2.35,2.35,17726,2241,+243,18.73%,"15:13 ET"
XLRE,34.35,Put,33,2023-12-15,43,0.45,0.48,0.5,0.48,1318,337,+242,23.15%,"15:07 ET"
SPY,430.61,Put,412.5,2023-11-10,8,0.31,0.32,0.32,0.34,700,1387,+241,19.04%,"15:03 ET"
UVXY,14.14,Call,14,2023-11-10,8,0.87,0.89,0.9,0.89,2535,2404,+241,82.61%,"15:14 ET"
SPY,430.61,Put,402,2023-11-10,8,0.14,0.15,0.15,0.14,762,4617,+240,23.91%,"15:08 ET"
TNA,24.85,Call,30,2024-01-19,78,0.81,0.83,0.84,0.81,604,6355,+239,51.45%,"15:14 ET"
SPY,430.61,Call,434,2023-11-07,5,1.08,1.09,1.09,1.04,3334,706,+239,11.76%,"15:10 ET"
QQQ,363.39,Put,352,2023-11-08,6,0.46,0.46,0.47,0.48,516,390,+238,20.45%,"15:12 ET"
SQQQ,19.51,Call,20,2023-11-10,8,0.44,0.45,0.45,0.45,9911,1664,+238,57.46%,"15:15 ET"
SPY,430.61,Call,434,2023-11-03,1,0.36,0.37,0.37,0.36,28895,6235,+236,16.63%,"15:15 ET"
SPY,430.61,Put,411,2023-12-15,43,3,3.01,3.01,3.04,652,15932,+234,18.10%,"15:09 ET"
UCO,32.95,Call,35,2024-04-19,169,4.7,4.8,4.9,4.8,770,274,+234,59.03%,"15:10 ET"
ARKK,38.19,Call,36,2023-11-03,1,2.25,2.28,2.31,2.33,3933,3926,+233,78.94%,"15:09 ET"
QQQ,363.39,Call,362,2023-11-10,8,4.92,4.95,4.97,4.97,15075,4625,+233,18.33%,"15:15 ET"
HYG,73.72,Call,73,2024-02-16,106,1.4,1.46,1.52,1.45,1288,28159,+232,1.62%,"15:07 ET"
SQQQ,19.51,Put,20.5,2023-11-03,1,1.04,1.07,1.09,1.05,2087,2772,+230,72.84%,"15:10 ET"
GDX,28.22,Call,32,2023-12-15,43,0.24,0.25,0.25,0.25,769,14001,+229,33.14%,"15:14 ET"
SPY,430.61,Put,408,2023-12-01,29,1.4,1.4,1.41,1.41,1184,779,+229,18.03%,"15:12 ET"
TMF,4.49,Call,3,2024-01-19,78,1.5,1.55,1.6,1.55,545,1956,+227,88.91%,"15:09 ET"
TNA,24.85,Call,23.5,2023-11-03,1,1.28,1.32,1.36,1.3,972,1581,+227,68.88%,"15:08 ET"
SPY,430.61,Call,433,2023-11-07,5,1.42,1.42,1.43,1.39,3460,1155,+226,11.88%,"15:11 ET"
QQQ,363.39,Call,375,2023-11-17,15,1.26,1.27,1.27,1.26,3938,35375,+225,16.22%,"15:15 ET"
SPY,430.61,Put,394,2023-12-15,43,1.37,1.38,1.38,1.37,4230,8295,+224,21.06%,"15:14 ET"
TQQQ,36.29,Call,38,2023-11-17,15,0.84,0.85,0.85,0.85,1744,3559,+223,50.22%,"15:08 ET"
SPY,430.61,Put,406,2023-12-01,29,1.24,1.25,1.25,1.3,631,1633,+221,18.42%,"14:56 ET"
SOXS,11.62,Call,14,2024-01-19,78,0.95,1,1.05,1.08,710,1093,+221,84.01%,"14:07 ET"
XOP,148.44,Call,155,2025-01-17,442,19.45,19.85,20.25,19.6,704,382,+220,28.52%,"13:34 ET"
TLT,86.88,Put,78,2023-12-15,43,0.26,0.27,0.28,0.29,631,9284,+219,24.12%,"14:59 ET"
QQQ,363.39,Call,367,2023-11-17,15,3.92,3.93,3.94,3.95,1628,6181,+219,17.52%,"15:14 ET"
XLU,61.7,Call,62,2023-11-17,15,0.81,0.82,0.83,0.82,662,10614,+218,19.48%,"15:14 ET"
SPY,430.61,Call,429,2023-11-07,5,3.49,3.5,3.5,3.5,5865,577,+217,12.71%,"15:14 ET"
QQQ,363.39,Call,363,2023-11-17,15,6.05,6.06,6.07,6.06,2184,4994,+215,18.37%,"15:15 ET"
TZA,34.73,Put,35,2023-11-03,1,0.59,0.61,0.63,0.61,562,627,+213,76.16%,"15:14 ET"
XLI,100.71,Put,94,2023-11-17,15,0.07,0.1,0.12,0.1,708,9834,+212,21.94%,"13:50 ET"
TLT,86.88,Put,85,2023-11-10,8,0.37,0.38,0.39,0.38,1899,1021,+212,21.57%,"15:09 ET"
SLV,20.84,Call,24,2023-12-15,43,0.09,0.1,0.1,0.1,5163,4838,+212,29.50%,"12:40 ET"
TLT,86.88,Call,87,2023-11-10,8,1.08,1.1,1.11,1.11,7211,9814,+211,21.83%,"15:13 ET"
DIA,338.13,Put,330,2023-11-10,8,0.42,0.43,0.44,0.45,612,599,+211,14.47%,"15:13 ET"
QQQ,363.39,Call,364,2023-11-08,6,2.94,2.95,2.96,2.96,1428,657,+211,16.34%,"15:15 ET"
TQQQ,36.29,Put,33,2023-12-15,43,1.45,1.46,1.46,1.44,579,2636,+210,61.11%,"15:15 ET"
SPY,430.61,Call,465,2023-12-15,43,0.33,0.34,0.34,0.33,1113,30613,+210,12.20%,"15:10 ET"
VXX,21.72,Put,24,2023-11-10,8,2.36,2.38,2.4,2.32,1986,2671,+210,78.66%,"15:10 ET"
UVXY,14.14,Call,16.5,2023-11-10,8,0.31,0.33,0.34,0.36,500,954,+209,117.73%,"14:57 ET"
TLT,86.88,Call,86,2023-11-17,15,2.1,2.12,2.13,2.11,12992,55606,+209,21.91%,"15:12 ET"
GLD,184,Put,183.5,2023-11-03,1,0.41,0.43,0.44,0.42,3231,2973,+207,18.41%,"15:10 ET"
EWZ,31.56,Call,32.5,2023-11-17,15,0.33,0.34,0.35,0.36,576,1650,+205,27.52%,"14:00 ET"
SPY,430.61,Put,424,2023-11-06,4,0.45,0.46,0.46,0.47,12308,1398,+204,13.93%,"15:13 ET"
TQQQ,36.29,Put,34,2023-11-10,8,0.39,0.4,0.4,0.39,2145,1085,+204,59.35%,"15:13 ET"
IWM,169.72,Call,168,2023-11-06,4,2.17,2.2,2.23,2,2175,1456,+204,17.91%,"15:00 ET"
TQQQ,36.29,Call,37,2023-11-03,1,0.24,0.25,0.26,0.25,9454,6636,+203,66.63%,"15:15 ET"
UVXY,14.14,Put,7,2026-01-16,806,2,3.65,5.3,3.77,600,204,+202,143.32%,"10:47 ET"
UVXY,14.14,Put,2,2026-01-16,806,0.65,1.38,2.1,0.79,601,203,+202,153.80%,"10:47 ET"
QQQ,363.39,Put,354,2023-11-10,8,1.06,1.07,1.07,1.12,801,1585,+202,20.44%,"14:50 ET"
QQQ,363.39,Call,365,2023-12-29,57,11.27,11.3,11.33,11.24,898,1742,+202,18.41%,"15:13 ET"
ARKK,38.19,Call,40,2023-11-17,15,0.51,0.53,0.54,0.53,3598,11054,+201,37.61%,"15:14 ET"
IWM,169.72,Put,160,2023-11-17,15,0.41,0.42,0.42,0.42,6871,71043,+201,23.77%,"15:15 ET"
SPY,430.61,Put,395,2023-12-15,43,1.43,1.44,1.45,1.44,2799,54709,+200,20.91%,"15:12 ET"
ARKK,38.19,Call,42,2023-12-15,43,0.67,0.68,0.69,0.69,561,1576,+199,35.92%,"15:15 ET"
SPY,430.61,Call,430,2023-11-15,13,5.06,5.06,5.07,5.08,2641,199,+199,13.84%,"15:14 ET"
TLT,86.88,Call,86,2023-12-15,43,3,3.03,3.05,3.04,3581,17503,+199,19.57%,"15:13 ET"
IWM,169.72,Call,167,2023-11-03,1,2.69,2.74,2.78,2.65,21383,15586,+199,28.94%,"15:14 ET"
IWM,169.72,Call,178,2024-01-19,78,2.81,2.83,2.84,2.78,11022,2001,+198,17.69%,"15:11 ET"
SPY,430.61,Put,424,2023-11-24,22,3.11,3.12,3.12,3.11,740,599,+198,14.66%,"15:15 ET"
QQQ,363.39,Call,366,2023-11-08,6,1.99,2,2.01,2,2196,662,+197,15.84%,"15:15 ET"
SPY,430.61,Call,434,2023-11-08,6,1.37,1.38,1.38,1.38,3160,509,+197,12.18%,"15:15 ET"
QQQ,363.39,Call,352,2023-11-02,0,11.5,11.54,11.57,11.2,1013,2586,+196,0.00%,"15:03 ET"
BOIL,66.72,Call,100,2023-11-10,8,0.05,0.1,0.15,0.15,3121,2115,+196,139.11%,"14:09 ET"
QQQ,363.39,Put,361,2023-11-03,1,0.84,0.85,0.86,0.85,33973,4401,+196,24.66%,"15:15 ET"
IWM,169.72,Call,200,2024-03-15,134,0.64,0.66,0.67,0.6,581,34508,+195,17.35%,"14:37 ET"
IWM,169.72,Call,172,2024-01-19,78,5.28,5.3,5.32,5.3,506,2573,+194,18.51%,"15:15 ET"
QQQ,363.39,Call,369,2023-11-07,5,0.72,0.73,0.74,0.71,715,494,+194,14.76%,"15:06 ET"
LABU,2.98,Call,3,2023-12-15,43,0.31,0.33,0.35,0.32,1280,2982,+194,77.34%,"14:50 ET"
GDX,28.22,Put,26,2024-01-19,78,0.71,0.75,0.78,0.78,2612,26625,+194,34.93%,"13:15 ET"
SPY,430.61,Call,438,2023-11-07,5,0.28,0.29,0.29,0.27,551,318,+193,11.35%,"15:12 ET"
SPY,430.61,Call,435,2024-03-15,134,16.84,16.85,16.86,16.77,1867,8262,+193,14.95%,"15:04 ET"
SPY,430.61,Call,440,2023-12-01,29,3.07,3.08,3.08,3.06,2360,5184,+193,12.88%,"15:14 ET"
QQQ,363.39,Call,365,2023-11-06,4,1.64,1.65,1.66,1.66,3589,722,+193,14.68%,"15:10 ET"
TQQQ,36.29,Put,32,2023-11-10,8,0.15,0.16,0.16,0.15,1180,1806,+192,66.35%,"15:04 ET"
UNG,7.29,Call,7,2023-12-15,43,0.74,0.76,0.77,0.75,830,4886,+191,59.85%,"14:53 ET"
IWM,169.72,Call,166,2023-11-17,15,5.17,5.22,5.26,4.88,1228,7196,+191,21.86%,"14:53 ET"
QQQ,363.39,Put,327,2024-03-15,134,5.78,5.79,5.8,5.99,1438,1334,+191,24.53%,"10:32 ET"
SPY,430.61,Call,432,2023-12-29,57,9.94,9.96,9.97,9.97,1982,1955,+191,13.58%,"15:03 ET"
TLT,86.88,Call,85,2024-06-21,232,7.05,7.13,7.2,7,3064,5060,+191,17.70%,"14:27 ET"
SOXL,17.21,Call,18,2023-11-24,22,0.99,1,1.01,1,553,943,+190,73.54%,"15:08 ET"
SQQQ,19.51,Call,21,2023-12-15,43,1.08,1.09,1.09,1.09,1603,5776,+190,61.41%,"15:14 ET"
TQQQ,36.29,Call,40,2024-01-19,78,2.13,2.14,2.14,2.14,2489,27744,+190,50.22%,"15:14 ET"
XLK,169.95,Put,165,2023-11-17,15,0.96,0.98,1,1,764,2954,+187,21.73%,"15:10 ET"
IWM,169.72,Call,170,2023-12-01,29,3.73,3.75,3.76,3.68,966,706,+187,19.61%,"15:08 ET"
SPY,430.61,Call,430,2023-12-08,36,9.15,9.16,9.17,9.1,1668,1452,+185,14.72%,"15:11 ET"
SPY,430.61,Put,422,2023-11-13,11,1.26,1.27,1.27,1.29,879,524,+182,14.77%,"15:12 ET"
SPXU,11.73,Call,12.5,2023-11-10,8,0.09,0.1,0.11,0.11,1230,404,+180,51.60%,"14:38 ET"
SPY,430.61,Call,437,2023-11-06,4,0.22,0.23,0.23,0.23,1831,378,+180,10.83%,"15:15 ET"
SPY,430.61,Call,450,2023-12-01,29,0.82,0.83,0.83,0.83,2459,4216,+180,12.06%,"15:14 ET"
SOXL,17.21,Put,15.5,2023-11-10,8,0.19,0.2,0.2,0.18,943,1002,+179,83.68%,"15:11 ET"
SPY,430.61,Call,439,2023-11-09,7,0.46,0.46,0.47,0.47,867,349,+177,12.04%,"14:44 ET"
TQQQ,36.29,Call,36,2023-11-24,22,2.09,2.1,2.11,2.08,1476,1870,+177,52.63%,"14:48 ET"
TQQQ,36.29,Call,35,2023-11-17,15,2.42,2.43,2.44,2.4,3446,4746,+177,56.27%,"15:06 ET"
SPY,430.61,Call,440,2023-11-10,8,0.48,0.49,0.49,0.48,5207,10466,+177,12.22%,"15:15 ET"
SPY,430.61,Call,480,2024-02-16,106,0.76,0.77,0.77,0.76,865,2598,+176,11.56%,"14:48 ET"
TQQQ,36.29,Put,34.5,2023-11-10,8,0.49,0.5,0.5,0.5,579,559,+175,58.21%,"15:14 ET"
QQQ,363.39,Put,360,2023-11-06,4,1.07,1.08,1.09,1.09,6162,725,+174,16.73%,"15:15 ET"
SPY,430.61,Call,432,2023-11-10,8,2.91,2.92,2.92,2.9,6052,3107,+173,13.55%,"15:14 ET"
TMF,4.49,Call,5,2024-02-16,106,0.35,0.38,0.4,0.4,720,5209,+173,68.04%,"14:04 ET"
SPY,430.61,Put,410,2023-11-15,13,0.53,0.54,0.54,0.57,678,172,+172,18.84%,"14:57 ET"
KWEB,26.29,Put,26,2023-11-17,15,0.54,0.55,0.56,0.54,1655,10688,+172,32.70%,"15:10 ET"
QQQ,363.39,Put,280,2024-01-19,78,0.6,0.61,0.61,0.6,506,37501,+171,31.90%,"14:50 ET"
SPXS,15.52,Put,16,2023-11-03,1,0.48,0.5,0.52,0.48,544,575,+171,46.48%,"14:03 ET"
QQQ,363.39,Put,330,2023-11-10,8,0.09,0.1,0.1,0.1,713,18346,+171,31.27%,"15:11 ET"
QQQ,363.39,Call,362,2023-12-15,43,11.58,11.59,11.61,11.64,823,2188,+171,19.38%,"15:15 ET"
QQQ,363.39,Call,367,2023-11-06,4,0.91,0.92,0.92,0.93,1371,705,+171,14.19%,"15:09 ET"
QQQ,363.39,Call,363,2023-11-09,7,3.96,3.98,3.99,3.86,1750,204,+171,17.51%,"15:03 ET"
SPY,430.61,Call,434,2023-12-08,36,6.8,6.81,6.82,6.74,616,708,+170,14.04%,"14:51 ET"
QQQ,363.39,Call,362,2023-11-08,6,4.09,4.14,4.19,4.13,5399,681,+170,16.84%,"15:08 ET"
SPY,430.61,Call,438,2023-11-13,11,1.04,1.05,1.05,1.03,949,168,+168,11.55%,"15:10 ET"
TMF,4.49,Call,4,2024-01-19,78,0.75,0.78,0.8,0.8,537,4764,+167,75.93%,"14:47 ET"
SPY,430.61,Call,453,2023-12-15,43,1.27,1.28,1.28,1.26,1990,9095,+167,12.16%,"15:12 ET"
QQQ,363.39,Call,361,2023-11-07,5,4.37,4.42,4.47,4.26,1142,667,+166,16.60%,"14:39 ET"
SPY,430.61,Put,405,2023-11-24,22,0.77,0.78,0.78,0.77,3134,13377,+166,18.94%,"15:14 ET"
SPY,430.61,Call,431,2023-11-07,5,2.32,2.33,2.33,2.32,2936,980,+165,12.22%,"15:14 ET"
SPY,430.61,Put,410,2023-11-07,5,0.1,0.11,0.11,0.1,1080,2524,+164,21.48%,"15:13 ET"
SPY,430.61,Call,431,2023-11-15,13,4.48,4.49,4.49,4.39,1485,164,+164,13.64%,"14:51 ET"
QQQ,363.39,Put,358,2023-12-15,43,6.44,6.46,6.47,6.48,552,11321,+163,19.75%,"15:09 ET"
SPY,430.61,Call,443,2023-12-01,29,2.14,2.15,2.15,2.13,847,3112,+163,12.54%,"15:09 ET"
SLV,20.84,Call,20.5,2023-11-03,1,0.41,0.42,0.42,0.41,614,2262,+161,35.11%,"15:15 ET"
SPY,430.61,Put,405,2023-12-01,29,1.17,1.17,1.18,1.18,3124,2597,+161,18.66%,"15:09 ET"
SQQQ,19.51,Call,23,2024-03-15,134,2.02,2.04,2.05,2.03,587,2728,+160,66.27%,"14:57 ET"
SPY,430.61,Put,418,2023-12-01,29,2.61,2.62,2.62,2.61,825,1974,+160,15.93%,"15:14 ET"
DIA,338.13,Call,341,2023-11-03,1,0.13,0.14,0.15,0.14,1494,2319,+160,13.93%,"15:07 ET"
SPY,430.61,Put,424,2023-11-08,6,0.93,0.94,0.94,0.97,4373,200,+159,14.89%,"15:11 ET"
XLK,169.95,Put,150,2024-03-15,134,2.28,2.32,2.35,2.32,519,1873,+158,25.47%,"15:07 ET"
SPY,430.61,Put,415,2023-11-24,22,1.55,1.56,1.57,1.59,1393,4665,+158,16.62%,"15:11 ET"
SPY,430.61,Call,426,2023-11-09,7,6.41,6.44,6.46,6.35,1365,1082,+157,14.86%,"15:11 ET"
SPY,430.61,Call,432,2023-11-09,7,2.6,2.61,2.61,2.58,2234,330,+157,13.26%,"15:14 ET"
SPY,430.61,Call,435,2023-11-06,4,0.51,0.52,0.52,0.51,6190,1158,+157,10.84%,"15:15 ET"
IWM,169.72,Put,155,2023-12-29,57,1.23,1.23,1.24,1.32,4602,30258,+156,23.82%,"14:08 ET"
TLT,86.88,Call,100,2025-01-17,442,3.75,3.8,3.85,3.85,1172,31715,+156,18.16%,"15:06 ET"
SQQQ,19.51,Call,20.5,2023-12-01,29,0.87,0.88,0.89,0.9,504,237,+155,57.74%,"15:07 ET"
TMF,4.49,Call,4,2025-01-17,442,1.45,1.5,1.55,1.45,548,7354,+155,87.43%,"15:04 ET"
QQQ,363.39,Put,350,2023-11-07,5,0.22,0.23,0.23,0.24,742,2342,+155,21.14%,"15:11 ET"
QQQ,363.39,Call,350,2023-11-10,8,14.49,14.57,14.64,14.5,792,3592,+155,21.21%,"15:08 ET"
SPY,430.61,Put,403,2023-11-10,8,0.14,0.15,0.15,0.15,2656,8068,+155,23.45%,"15:11 ET"
SPY,430.61,Call,439,2023-12-15,43,5.2,5.21,5.22,5.2,1016,7919,+154,13.34%,"15:15 ET"
TQQQ,36.29,Put,35.5,2023-11-10,8,0.78,0.79,0.79,0.79,1817,489,+154,55.62%,"15:15 ET"
SPY,430.61,Put,419,2023-12-01,29,2.79,2.8,2.8,2.79,878,1610,+153,15.75%,"15:14 ET"
QQQ,363.39,Call,366,2023-11-10,8,2.75,2.76,2.77,2.78,1338,1508,+153,17.17%,"15:14 ET"
SPY,430.61,Call,437,2023-11-07,5,0.4,0.41,0.41,0.39,1688,1070,+153,11.36%,"15:10 ET"
SPY,430.61,Call,424,2023-12-29,57,15.22,15.25,15.27,15.03,1980,526,+153,14.62%,"14:13 ET"
SPY,430.61,Call,433,2023-11-06,4,1.06,1.07,1.07,1.06,5241,1466,+153,11.17%,"15:15 ET"
SPY,430.61,Put,421,2023-11-24,22,2.46,2.47,2.47,2.47,770,837,+151,15.32%,"15:15 ET"
UNG,7.29,Call,7.5,2023-11-10,8,0.14,0.15,0.15,0.15,1128,5521,+151,56.66%,"15:12 ET"
KWEB,26.29,Call,26.5,2023-11-10,8,0.41,0.43,0.44,0.42,512,391,+150,32.82%,"15:15 ET"
IWM,169.72,Call,171,2023-11-17,15,2.14,2.15,2.16,2.15,1604,9773,+150,19.78%,"15:15 ET"
QQQ,363.39,Call,377,2023-12-15,43,4.3,4.31,4.31,4.31,602,7676,+149,17.37%,"15:15 ET"
SPY,430.61,Put,407,2023-11-17,15,0.56,0.57,0.57,0.57,1278,28091,+149,19.83%,"15:11 ET"
SPXU,11.73,Call,12,2023-11-10,8,0.2,0.21,0.21,0.2,1850,1885,+149,43.89%,"15:11 ET"
QQQ,363.39,Put,347,2023-11-10,8,0.42,0.43,0.43,0.44,577,1880,+148,22.74%,"15:01 ET"
SPY,430.61,Put,395,2024-01-19,78,2.99,3,3,2.99,859,29089,+148,19.97%,"15:15 ET"
VXX,21.72,Call,23,2023-11-17,15,0.75,0.77,0.79,0.78,1013,7366,+147,67.21%,"15:13 ET"
SLV,20.84,Call,23,2024-01-19,78,0.37,0.38,0.38,0.38,1529,114081,+147,26.36%,"14:47 ET"
SPY,430.61,Call,434,2023-11-06,4,0.75,0.76,0.76,0.76,3774,1110,+147,11.08%,"15:15 ET"
TLT,86.88,Put,86,2023-12-15,43,1.97,1.98,1.99,1.98,6148,15352,+147,21.78%,"15:14 ET"
SPY,430.61,Put,410,2024-03-15,134,8.02,8.03,8.04,8.15,3389,29123,+146,18.16%,"15:05 ET"
SPY,430.61,Call,435,2023-11-13,11,1.95,1.96,1.96,1.9,592,455,+145,12.01%,"15:13 ET"
QQQ,363.39,Call,372,2023-12-15,43,6.26,6.27,6.27,6.24,787,5288,+144,17.97%,"14:56 ET"
QQQ,363.39,Put,359,2023-12-29,57,8.13,8.16,8.19,8.72,1536,879,+144,19.97%,"11:50 ET"
SPY,430.61,Put,425,2023-11-08,6,1.1,1.11,1.11,1.1,4759,362,+144,14.54%,"15:14 ET"
SPY,430.61,Call,435,2023-11-09,7,1.37,1.38,1.38,1.34,4775,334,+143,12.61%,"15:10 ET"
XBI,68.34,Put,68,2023-11-17,15,1.32,1.33,1.34,1.34,1861,5364,+143,28.50%,"15:15 ET"
SPY,430.61,Put,429,2023-11-03,1,0.98,0.99,0.99,0.98,78958,727,+142,18.11%,"15:15 ET"
UVXY,14.14,Call,20,2023-11-17,15,0.31,0.32,0.33,0.34,541,3526,+140,144.35%,"14:44 ET"
QQQ,363.39,Put,346,2023-11-17,15,1.01,1.02,1.03,1.02,1319,16695,+140,22.28%,"15:13 ET"
QQQ,363.39,Call,380,2024-03-15,134,12.38,12.41,12.43,12.32,2377,37708,+140,18.67%,"15:00 ET"
SPY,430.61,Call,436,2023-11-06,4,0.34,0.35,0.35,0.34,5761,349,+140,10.76%,"15:15 ET"
QQQ,363.39,Put,320,2024-03-15,134,4.78,4.79,4.8,4.81,24418,51509,+140,25.33%,"15:11 ET"
ARKK,38.19,Call,50,2025-01-17,442,3.15,3.22,3.3,3.25,536,2144,+139,36.17%,"14:36 ET"
IWM,169.72,Put,164,2023-11-10,8,0.43,0.44,0.44,0.43,562,2601,+139,22.15%,"15:14 ET"
SQQQ,19.51,Call,24,2024-01-19,78,1.01,1.03,1.04,1.03,889,1880,+139,66.29%,"15:01 ET"
TNA,24.85,Call,24,2023-11-03,1,0.9,0.91,0.92,0.9,2609,3865,+139,78.76%,"15:15 ET"
IYR,78.33,Put,76,2023-11-17,15,0.47,0.48,0.49,0.49,754,3722,+138,21.24%,"14:57 ET"
QQQ,363.39,Put,328,2023-12-15,43,1.38,1.39,1.4,1.39,998,19547,+138,24.73%,"15:15 ET"
SPY,430.61,Put,380,2024-02-16,106,2.83,2.84,2.85,2.84,3682,9959,+138,21.81%,"15:15 ET"
IWM,169.72,Put,154,2023-11-17,15,0.15,0.16,0.16,0.15,4323,25382,+137,27.62%,"15:10 ET"
SMH,146.44,Put,140,2023-11-17,15,0.84,0.86,0.87,0.84,552,8456,+137,27.99%,"15:11 ET"
SOXL,17.21,Call,17.5,2023-11-17,15,0.98,0.99,1,0.98,549,381,+136,73.18%,"15:07 ET"
QQQ,363.39,Call,362,2023-11-06,4,3.29,3.3,3.31,3.31,4431,604,+136,15.43%,"15:15 ET"
SPY,430.61,Put,419,2023-12-15,43,4.44,4.45,4.45,4.46,3559,13667,+135,16.77%,"15:14 ET"
SPY,430.61,Put,417,2023-12-01,29,2.45,2.46,2.46,2.45,1300,1587,+134,16.14%,"15:14 ET"
SQQQ,19.51,Put,19.5,2023-11-03,1,0.3,0.31,0.31,0.3,5584,1848,+134,71.55%,"15:15 ET"
EWG,25.9,Put,25,2023-11-17,15,0.1,0.11,0.11,0.11,577,5139,+133,19.63%,"13:30 ET"
QQQ,363.39,Call,363,2023-12-15,43,10.96,10.98,11,10.99,746,3269,+133,19.24%,"15:15 ET"
SPY,430.61,Call,414,2023-11-03,1,16.46,16.53,16.6,16.35,952,7299,+133,30.59%,"15:05 ET"
QQQ,363.39,Put,370,2023-12-15,43,11.5,11.53,11.55,11.55,1505,49107,+133,18.02%,"15:13 ET"
SPY,430.61,Call,415,2023-12-15,43,21.12,21.22,21.32,21.29,1019,14687,+132,17.50%,"15:14 ET"
TLT,86.88,Call,85,2023-12-29,57,3.85,3.9,3.95,3.88,1062,5893,+132,18.14%,"15:15 ET"
SPY,430.61,Call,439,2023-11-08,6,0.3,0.31,0.31,0.3,522,159,+131,11.48%,"15:12 ET"
TQQQ,36.29,Call,37,2023-12-15,43,2.49,2.5,2.51,2.49,1308,7763,+131,53.85%,"15:13 ET"
SLV,20.84,Call,21,2024-01-19,78,0.98,0.99,1,0.98,888,214450,+130,23.91%,"15:01 ET"
QQQ,363.39,Put,310,2023-12-29,57,0.96,0.97,0.98,0.98,3766,1429,+130,27.50%,"14:09 ET"
SPY,430.61,Call,427,2023-11-06,4,4.48,4.51,4.53,4.5,6741,1696,+129,12.27%,"15:14 ET"
SPY,430.61,Put,410,2023-11-14,12,0.44,0.45,0.45,0.44,643,415,+129,18.69%,"15:14 ET"
TQQQ,36.29,Put,34,2023-11-17,15,0.74,0.75,0.75,0.76,714,2333,+129,59.30%,"14:58 ET"
TMF,4.49,Call,4.5,2023-11-10,8,0.1,0.13,0.15,0.15,1018,1467,+129,60.49%,"15:10 ET"
TQQQ,36.29,Call,35,2023-12-15,43,3.6,3.63,3.65,3.6,1258,4870,+129,56.40%,"15:13 ET"
SPY,430.61,Put,383,2024-01-19,78,2.02,2.03,2.03,2.02,3027,2403,+129,21.67%,"15:15 ET"
SOXL,17.21,Put,15,2023-11-10,8,0.12,0.13,0.14,0.13,874,1100,+128,86.88%,"15:12 ET"
SPY,430.61,Call,442,2023-12-01,29,2.42,2.43,2.43,2.42,854,1354,+125,12.62%,"15:15 ET"
SPY,430.61,Put,417,2023-12-15,43,4.02,4.03,4.03,4.02,1562,5488,+125,17.08%,"15:14 ET"
SQQQ,19.51,Put,19.5,2023-11-10,8,0.61,0.62,0.63,0.62,1731,519,+125,53.90%,"15:14 ET"
QQQ,363.39,Put,361,2023-12-15,43,7.47,7.48,7.5,7.47,1206,4155,+124,19.25%,"15:15 ET"
TLT,86.88,Call,97,2023-12-15,43,0.23,0.24,0.25,0.24,2171,18927,+124,21.57%,"14:24 ET"
SPY,430.61,Put,409,2023-12-01,29,1.48,1.48,1.49,1.56,548,693,+123,17.77%,"14:50 ET"
QQQ,363.39,Call,363,2023-12-01,29,8.51,8.52,8.54,8.48,573,1656,+123,18.38%,"14:54 ET"
TSLL,12.35,Call,11.5,2023-11-03,1,0.85,0.9,0.95,0.9,590,1069,+122,81.68%,"15:15 ET"
SPXU,11.73,Call,14,2023-12-15,43,0.24,0.25,0.26,0.26,1583,5108,+122,56.49%,"14:54 ET"
QQQ,363.39,Call,378,2023-11-10,8,0.19,0.2,0.2,0.19,5387,1177,+121,15.76%,"15:03 ET"
UVXY,14.14,Call,14.5,2023-11-10,8,0.7,0.71,0.71,0.7,3862,252,+120,89.81%,"15:15 ET"
SPY,430.61,Put,416,2023-11-24,22,1.68,1.69,1.69,1.74,1035,1748,+120,16.41%,"14:59 ET"
TQQQ,36.29,Call,36,2023-12-15,43,3,3.03,3.05,3.01,1722,2705,+119,54.97%,"15:13 ET"
ARKK,38.19,Call,37,2023-11-17,15,1.95,1.98,2.01,1.96,3501,3708,+118,39.35%,"14:18 ET"
TLT,86.88,Put,82,2023-12-15,43,0.75,0.76,0.76,0.75,11776,11577,+118,22.33%,"15:12 ET"
QQQ,363.39,Put,350,2023-12-29,57,5.56,5.57,5.59,5.59,2277,4515,+117,21.31%,"15:11 ET"
QQQ,363.39,Put,357,2023-11-09,7,1.33,1.34,1.35,1.39,540,129,+116,19.25%,"15:00 ET"
SPY,430.61,Call,450,2023-12-15,43,1.77,1.78,1.78,1.79,7351,45456,+115,12.29%,"15:15 ET"
SPY,430.61,Put,426,2023-11-03,1,0.35,0.36,0.36,0.35,62892,4734,+115,19.65%,"15:15 ET"
SPY,430.61,Put,413,2023-11-24,22,1.34,1.35,1.35,1.34,694,1394,+115,17.04%,"15:15 ET"
SLV,20.84,Put,21,2023-11-03,1,0.21,0.22,0.23,0.22,770,4432,+115,34.54%,"14:35 ET"
SPY,430.61,Call,431,2023-11-13,11,3.8,3.8,3.81,3.8,1205,155,+115,12.70%,"15:15 ET"
SPY,430.61,Call,431,2023-12-15,43,9.43,9.44,9.45,9.43,1262,8921,+115,14.49%,"15:14 ET"
IWM,169.72,Put,165,2023-12-08,36,2.1,2.12,2.13,2.22,637,217,+114,19.98%,"14:36 ET"
SPY,430.61,Put,421,2023-11-13,11,1.11,1.12,1.12,1.16,894,382,+114,15.01%,"14:44 ET"
SPY,430.61,Call,428,2023-12-01,29,9.3,9.32,9.33,9.26,921,1343,+114,14.91%,"15:07 ET"
SPY,430.61,Call,439,2023-11-24,22,2.46,2.47,2.47,2.48,500,1697,+113,12.63%,"15:15 ET"
SPY,430.61,Call,432,2023-11-14,12,3.66,3.67,3.67,3.65,548,113,+113,13.18%,"15:15 ET"
SPY,430.61,Put,422,2023-12-15,43,5.15,5.16,5.16,5.21,969,10307,+113,16.28%,"15:10 ET"
IWM,169.72,Call,172,2023-11-10,8,0.99,1,1,0.98,3100,2980,+113,19.35%,"15:14 ET"
SOXL,17.21,Call,18.5,2023-11-10,8,0.31,0.32,0.33,0.32,5776,741,+113,70.92%,"15:11 ET"
SLV,20.84,Put,20.5,2023-11-10,8,0.15,0.16,0.16,0.15,962,18708,+112,25.27%,"15:10 ET"
XLC,66.45,Put,65,2024-01-19,78,1.55,1.6,1.65,1.67,1001,2424,+112,20.75%,"11:30 ET"
QQQ,363.39,Put,364,2023-12-15,43,8.65,8.67,8.68,8.69,757,3481,+111,18.83%,"15:15 ET"
IWM,169.72,Put,166,2023-11-06,4,0.22,0.23,0.23,0.24,773,270,+111,18.53%,"15:13 ET"
QQQ,363.39,Put,368,2023-12-29,57,11.79,11.83,11.86,11.84,1784,694,+110,18.77%,"15:10 ET"
TLT,86.88,Call,90,2023-12-01,29,0.85,0.86,0.87,0.82,790,6962,+109,19.64%,"15:06 ET"
TQQQ,36.29,Call,38.5,2023-11-10,8,0.32,0.33,0.33,0.32,972,444,+109,47.83%,"15:14 ET"
SPXS,15.52,Call,15,2023-12-15,43,1.2,1.21,1.22,1.25,1261,475,+109,40.99%,"14:11 ET"
SPY,430.61,Call,435,2023-11-07,5,0.79,0.8,0.8,0.8,2822,627,+109,11.60%,"15:15 ET"
TQQQ,36.29,Call,39,2023-11-10,8,0.22,0.23,0.23,0.23,1212,1347,+108,47.76%,"15:12 ET"
SPY,430.61,Call,432,2023-11-13,11,3.26,3.27,3.28,3.25,1261,158,+108,12.52%,"15:15 ET"
SPY,430.61,Call,430,2023-11-13,11,4.37,4.38,4.39,4.2,3133,783,+108,12.92%,"14:56 ET"
IWM,169.72,Call,180,2023-12-29,57,1.5,1.52,1.53,1.46,3451,5799,+108,17.55%,"15:11 ET"
UVXY,14.14,Call,13,2023-11-17,15,1.61,1.63,1.65,1.72,550,914,+107,67.62%,"14:55 ET"
SPY,430.61,Call,436,2023-11-07,5,0.57,0.58,0.58,0.58,1814,299,+107,11.50%,"15:15 ET"
SPY,430.61,Put,400,2024-12-20,414,16.05,16.25,16.45,16.2,14375,44786,+107,20.21%,"14:44 ET"
IWM,169.72,Call,172,2023-11-03,1,0.15,0.16,0.16,0.14,4226,11087,+106,25.25%,"15:14 ET"
SPXS,15.52,Call,17,2023-12-15,43,0.54,0.55,0.56,0.58,906,490,+106,49.40%,"14:35 ET"
TQQQ,36.29,Call,35.5,2023-11-17,15,2.1,2.11,2.11,2.09,1033,624,+106,55.21%,"15:07 ET"
QQQ,363.39,Call,364,2023-11-09,7,3.4,3.41,3.42,3.39,1395,250,+106,17.24%,"15:10 ET"
QQQ,363.39,Call,378,2023-12-01,29,2.16,2.17,2.18,2.13,2514,384,+106,16.26%,"15:06 ET"
SOXL,17.21,Call,16,2023-11-17,15,1.88,1.9,1.91,1.91,527,3193,+105,79.55%,"15:10 ET"
XLE,87.42,Call,92,2023-12-15,43,1.06,1.07,1.08,1.11,612,6386,+105,22.20%,"13:52 ET"
XLF,33.31,Call,33,2023-11-03,1,0.33,0.34,0.35,0.33,892,1481,+105,18.72%,"15:06 ET"
SPY,430.61,Put,390,2024-01-19,78,2.53,2.54,2.54,2.55,2400,29444,+105,20.68%,"15:14 ET"
UVXY,14.14,Call,30,2023-12-15,43,0.45,0.46,0.47,0.47,842,3911,+104,159.84%,"14:36 ET"
SPY,430.61,Put,300,2023-12-29,57,0.18,0.19,0.19,0.18,923,7248,+104,39.70%,"14:08 ET"
QQQ,363.39,Put,355,2023-12-01,29,3.93,3.94,3.94,3.95,1188,742,+104,19.55%,"15:10 ET"
SPY,430.61,Put,418,2023-11-13,11,0.78,0.79,0.79,0.81,557,398,+103,15.87%,"15:11 ET"
SPY,430.61,Call,434,2023-11-24,22,4.54,4.55,4.55,4.42,863,2783,+103,13.41%,"14:35 ET"
ARKK,38.19,Call,38.5,2023-11-10,8,0.8,0.82,0.83,0.79,1903,202,+103,40.88%,"14:57 ET"
SPY,430.61,Put,380,2023-12-29,57,1.16,1.17,1.17,1.18,2442,45304,+103,22.77%,"15:15 ET"
XLF,33.31,Put,32,2024-03-15,134,0.79,0.8,0.8,0.83,578,23235,+102,19.14%,"12:24 ET"
SPY,430.61,Put,430,2023-11-08,6,2.56,2.57,2.57,2.58,1761,193,+102,13.26%,"15:14 ET"
SPY,430.61,Call,428,2023-11-15,13,6.33,6.34,6.34,6.25,2954,102,+102,14.27%,"15:06 ET"
MSOS,5.62,Call,6,2023-12-15,43,0.56,0.58,0.6,0.6,7164,16121,+102,95.33%,"15:13 ET"
SPY,430.61,Put,335,2023-12-08,36,0.15,0.16,0.16,0.15,596,106,+101,35.19%,"14:41 ET"
KRE,42,Call,41,2023-11-03,1,0.99,1.02,1.04,0.98,962,2111,+101,39.16%,"15:14 ET"
QQQ,363.39,Put,280,2023-12-29,57,0.33,0.34,0.34,0.34,1791,789,+101,33.67%,"14:09 ET"
IWM,169.72,Put,167,2023-12-08,36,2.69,2.71,2.73,2.86,2505,212,+101,19.35%,"14:52 ET"
"Downloaded from Barchart.com as of 11-02-2023 02:42pm CDT"
