Symbol,Price,Type,Strike,"Exp Date",DTE,Bid,Midpoint,Ask,Last,Volume,"Open Int","OI Chg",IV,Time
IWM,175.44,Put,165,2023-06-16,49,2.03,2.04,2.05,2,66204,183320,"+54,048",23.91%,"12:14 ET"
SPY,414.68,Put,392,2023-06-16,49,3.3,3.31,3.32,3.27,1687,54534,"+38,047",19.40%,"11:57 ET"
SPY,414.68,Call,420,2023-05-01,3,0.1,0.11,0.11,0.11,23316,73950,"+29,347",9.41%,"12:18 ET"
SPY,414.68,Call,417,2023-04-28,0,0.1,0.11,0.11,0.1,115201,73748,"+25,030",8.78%,"12:18 ET"
SPY,414.68,Call,410,2023-06-16,49,13.41,13.49,13.56,13.75,1467,57743,"+15,452",17.39%,"12:15 ET"
SPY,414.68,Put,400,2023-05-05,7,0.43,0.44,0.44,0.44,17940,69738,"+15,432",19.41%,"12:18 ET"
QQQ,321,Put,318,2023-04-28,0,0.09,0.1,0.1,0.1,52422,23729,"+15,425",12.99%,"12:18 ET"
SPY,414.68,Put,400,2023-06-16,49,4.55,4.56,4.56,4.56,7523,122710,"+13,706",17.76%,"12:18 ET"
SPY,414.68,Put,412,2023-04-28,0,0.16,0.17,0.17,0.17,262622,16629,"+13,005",11.36%,"12:18 ET"
BITO,17.32,Call,17.5,2023-05-05,7,0.25,0.26,0.27,0.27,8413,13918,"+12,861",36.60%,"12:18 ET"
IWM,175.44,Put,171,2023-05-19,21,1.71,1.72,1.73,1.71,10351,39998,"+12,523",21.63%,"12:18 ET"
QQQ,321,Call,355,2023-07-21,84,1.49,1.5,1.51,1.44,1516,12273,"+10,900",16.57%,"11:26 ET"
QQQ,321,Put,319,2023-04-28,0,0.2,0.21,0.21,0.21,75941,14934,"+10,530",12.17%,"12:18 ET"
SPY,414.68,Put,413,2023-04-28,0,0.28,0.29,0.29,0.29,223906,12984,"+10,508",10.30%,"12:18 ET"
SPY,414.68,Put,410,2023-06-16,49,6.8,6.81,6.82,6.82,10720,60219,"+10,078",15.49%,"12:18 ET"
SPY,414.68,Put,410,2023-05-19,21,3.58,3.59,3.59,3.57,10951,47644,"+9,469",14.88%,"12:18 ET"
SLV,22.99,Call,25,2023-09-15,140,1.07,1.08,1.08,1.09,867,132507,"+9,343",29.83%,"12:05 ET"
EEM,39.11,Call,39,2023-04-28,0,0.13,0.15,0.17,0.16,5237,14206,"+9,269",11.50%,"11:51 ET"
SPY,414.68,Put,400,2023-06-02,35,2.91,2.92,2.92,2.9,1484,18270,"+9,134",16.80%,"12:16 ET"
GLD,184.95,Call,180,2023-06-16,49,7.85,7.9,7.95,7.85,940,33693,"+8,956",16.57%,"12:09 ET"
EFA,73.56,Put,70,2023-05-19,21,0.18,0.19,0.2,0.21,1242,28049,"+8,942",18.21%,"11:29 ET"
QQQ,321,Put,320,2023-04-28,0,0.42,0.43,0.43,0.42,82347,13622,"+8,844",11.25%,"12:18 ET"
SPY,414.68,Call,410,2023-05-19,21,9.25,9.31,9.36,9.31,4245,38612,"+8,718",15.85%,"12:18 ET"
QQQ,321,Call,322,2023-04-28,0,0.27,0.28,0.28,0.28,89254,16355,"+8,137",10.99%,"12:18 ET"
SPY,414.68,Put,411,2023-04-28,0,0.09,0.1,0.1,0.1,172151,27262,"+8,062",12.33%,"12:18 ET"
SPY,414.68,Call,414,2023-04-28,0,1.09,1.1,1.1,1.09,270043,18200,"+7,943",8.23%,"12:18 ET"
QQQ,321,Call,300,2023-06-16,49,25.81,25.92,26.03,26.08,1025,113907,"+7,842",26.53%,"11:54 ET"
SPY,414.68,Put,408,2023-05-01,3,0.16,0.17,0.17,0.17,19763,10681,"+7,232",12.78%,"12:18 ET"
SPY,414.68,Call,410,2023-05-02,4,5.19,5.24,5.29,5.3,1435,12828,"+7,013",11.68%,"12:16 ET"
SPY,414.68,Call,415,2023-05-01,3,1.28,1.29,1.29,1.28,87927,13649,"+6,787",9.37%,"12:18 ET"
QQQ,321,Call,323,2023-04-28,0,0.12,0.13,0.13,0.13,53434,16914,"+6,756",11.81%,"12:18 ET"
IWM,175.44,Put,172,2023-05-19,21,1.97,1.98,1.98,1.96,953,32367,"+6,501",21.20%,"12:18 ET"
SPY,414.68,Call,416,2023-04-28,0,0.25,0.26,0.26,0.25,134183,39903,"+6,479",8.49%,"12:18 ET"
QQQ,321,Put,315,2023-05-05,7,1.7,1.71,1.71,1.69,5478,22235,"+6,307",22.81%,"12:18 ET"
SPY,414.68,Call,415,2023-04-28,0,0.56,0.57,0.57,0.56,284787,25399,"+6,282",8.31%,"12:18 ET"
QQQ,321,Put,310,2023-05-19,21,2.31,2.32,2.33,2.3,5693,62413,"+6,222",21.55%,"12:16 ET"
SPY,414.68,Put,385,2023-05-19,21,0.58,0.59,0.59,0.58,822,74246,"+6,217",21.00%,"12:18 ET"
IWM,175.44,Call,174,2023-04-28,0,1.47,1.51,1.54,1.52,7402,7948,"+6,020",14.56%,"12:17 ET"
EEM,39.11,Put,37,2023-09-15,140,0.85,0.89,0.93,0.9,2290,73555,"+6,000",20.15%,"11:18 ET"
SQQQ,29.37,Call,31.5,2023-05-05,7,0.42,0.43,0.44,0.41,1242,10922,"+5,885",70.04%,"12:16 ET"
IWM,175.44,Call,185,2023-06-16,49,1.28,1.29,1.29,1.31,767,29247,"+5,767",16.89%,"12:15 ET"
SPY,414.68,Put,385,2023-06-16,49,2.49,2.5,2.5,2.47,6401,84556,"+5,705",20.73%,"12:16 ET"
SPY,414.68,Put,405,2023-05-19,21,2.48,2.49,2.49,2.46,12219,79590,"+5,466",16.23%,"12:18 ET"
BITO,17.32,Put,17.5,2023-05-05,7,0.89,0.94,0.99,0.94,680,8409,"+5,323",88.29%,"12:18 ET"
IWM,175.44,Put,170,2023-05-26,28,1.88,1.89,1.9,1.9,4037,9300,"+5,292",21.90%,"12:03 ET"
XLF,33.12,Call,33.5,2023-05-19,21,0.37,0.38,0.39,0.4,569,7223,"+5,266",16.84%,"12:09 ET"
QQQ,321,Call,335,2023-05-12,14,0.56,0.57,0.58,0.59,509,6975,"+5,206",17.23%,"12:03 ET"
IWM,175.44,Put,165,2023-05-26,28,1.03,1.04,1.05,1.04,4037,24368,"+5,014",24.14%,"12:17 ET"
EWZ,28.2,Put,28,2023-05-19,21,0.68,0.69,0.69,0.72,10026,24096,"+4,997",27.02%,"12:06 ET"
IWM,175.44,Put,155,2023-06-30,63,1.22,1.23,1.24,1.29,965,31575,"+4,962",27.24%,"10:13 ET"
IWM,175.44,Put,170,2023-05-19,21,1.49,1.5,1.51,1.52,30363,124273,"+4,896",22.22%,"12:16 ET"
QQQ,321,Put,165,2023-09-15,140,0.26,0.28,0.29,0.28,1509,6708,"+4,849",48.64%,"10:40 ET"
SPY,414.68,Put,397,2023-05-05,7,0.27,0.28,0.28,0.25,1552,15705,"+4,773",20.12%,"12:11 ET"
QQQ,321,Put,300,2023-05-26,28,1.5,1.52,1.53,1.47,900,14801,"+4,734",23.79%,"12:14 ET"
CANE,13.84,Put,12,2023-10-20,175,0.25,0.3,0.35,0.25,800,4854,"+4,670",27.11%,"12:15 ET"
SQQQ,29.37,Put,29.5,2023-05-05,7,1.03,1.04,1.05,1.14,846,5524,"+4,577",62.79%,"12:07 ET"
SPY,414.68,Put,407,2023-05-01,3,0.12,0.13,0.13,0.12,18067,8761,"+4,497",13.16%,"12:18 ET"
SPY,414.68,Put,406,2023-05-01,3,0.09,0.1,0.1,0.1,6727,7229,"+4,390",13.98%,"12:18 ET"
SPY,414.68,Call,415,2023-05-02,4,1.7,1.71,1.72,1.7,22464,5495,"+4,364",10.44%,"12:18 ET"
KRE,42.91,Put,39,2023-07-21,84,1.46,1.5,1.53,1.5,548,4625,"+4,094",38.67%,"12:16 ET"
TQQQ,27.86,Call,27.5,2023-05-05,7,1.12,1.13,1.14,1.14,4012,8579,"+4,075",63.81%,"12:17 ET"
SPY,414.68,Call,409,2023-05-05,7,7.54,7.58,7.62,7.82,812,11505,"+3,971",17.42%,"12:09 ET"
QQQ,321,Put,300,2023-06-16,49,3.14,3.15,3.16,3.15,1861,130944,"+3,971",23.59%,"12:18 ET"
QQQ,321,Put,318,2023-05-03,5,1.85,1.86,1.86,1.85,8121,4333,"+3,961",20.73%,"12:18 ET"
TQQQ,27.86,Call,26,2023-05-05,7,2.15,2.17,2.19,2.21,734,8418,"+3,951",68.38%,"12:18 ET"
SPY,414.68,Put,410,2023-08-18,112,12,12.01,12.02,11.97,1424,10718,"+3,788",17.53%,"12:17 ET"
SPY,414.68,Call,450,2023-12-15,231,9.7,9.75,9.79,9.77,3032,22189,"+3,634",14.82%,"11:50 ET"
SPY,414.68,Put,408,2023-05-02,4,0.33,0.34,0.34,0.34,12474,6208,"+3,614",13.38%,"12:18 ET"
TLT,106.39,Call,108,2023-05-19,21,0.98,1,1.01,1,5284,18278,"+3,592",15.84%,"12:04 ET"
SPY,414.68,Call,420,2023-05-05,7,1.32,1.33,1.33,1.33,7741,13898,"+3,584",14.18%,"12:18 ET"
SPY,414.68,Call,412.5,2023-05-19,21,7.49,7.5,7.51,7.5,3414,5784,"+3,582",15.02%,"12:18 ET"
SPY,414.68,Put,410,2023-05-05,7,1.87,1.88,1.88,1.87,17925,19148,"+3,569",16.77%,"12:18 ET"
SPY,414.68,Call,414,2023-05-01,3,1.83,1.84,1.84,1.83,63809,5888,"+3,537",9.54%,"12:18 ET"
SPY,414.68,Put,412,2023-05-19,21,4.15,4.16,4.16,4.04,2871,20302,"+3,481",14.32%,"12:15 ET"
XLE,85.25,Call,87,2023-05-19,21,1.24,1.25,1.26,1.27,512,8202,"+3,475",23.69%,"12:14 ET"
QQQ,321,Put,310,2023-05-05,7,0.83,0.84,0.84,0.83,4858,29115,"+3,446",24.33%,"12:18 ET"
QQQ,321,Put,314,2023-05-01,3,0.13,0.14,0.14,0.13,4729,4298,"+3,436",15.77%,"12:18 ET"
QQQ,321,Put,310,2023-05-03,5,0.39,0.4,0.4,0.37,3693,4113,"+3,358",22.95%,"12:15 ET"
UVXY,3.61,Call,3.5,2023-05-05,7,0.2,0.2,0.2,0.2,9295,9249,"+3,336",67.51%,"12:18 ET"
SPY,414.68,Call,411,2023-05-01,3,4.01,4.07,4.13,4.04,5210,7119,"+3,335",9.86%,"12:18 ET"
SPY,414.68,Put,407,2023-05-05,7,1.23,1.23,1.24,1.17,4994,11709,"+3,297",17.61%,"12:15 ET"
SPY,414.68,Put,395,2023-06-16,49,3.72,3.73,3.74,3.73,2093,53921,"+3,219",18.79%,"12:17 ET"
SPY,414.68,Put,385,2023-10-20,175,10.04,10.07,10.09,10.02,1690,10087,"+3,182",21.68%,"11:56 ET"
QQQ,321,Call,321,2023-04-28,0,0.59,0.6,0.6,0.59,82334,8306,"+3,164",10.40%,"12:18 ET"
QQQ,321,Call,320,2023-06-16,49,10.82,10.84,10.85,11,1382,63456,"+3,141",21.12%,"12:17 ET"
QQQ,321,Put,210,2023-09-15,140,0.87,0.88,0.89,0.91,1010,15174,"+3,140",39.34%,"11:13 ET"
QQQ,321,Put,320,2023-05-01,3,1.19,1.19,1.2,1.2,20557,4049,"+3,115",13.70%,"12:18 ET"
XLF,33.12,Call,33,2023-04-28,0,0.12,0.13,0.13,0.15,6350,19622,"+3,075",8.82%,"12:15 ET"
SPY,414.68,Put,410,2023-05-26,28,4.29,4.3,4.3,4.24,1839,5679,"+3,038",14.74%,"12:17 ET"
SPY,414.68,Call,418,2023-05-19,21,4.16,4.17,4.17,4.35,2651,21164,"+3,005",13.47%,"12:15 ET"
EEM,39.11,Put,38,2023-07-21,84,0.75,0.78,0.8,0.81,11001,9021,"+3,000",17.45%,"10:32 ET"
SPY,414.68,Put,405,2023-05-02,4,0.16,0.17,0.17,0.17,3450,6071,"+2,967",14.79%,"12:18 ET"
SQQQ,29.37,Put,29.5,2023-04-28,0,0.22,0.23,0.24,0.31,1457,5323,"+2,950",33.18%,"12:15 ET"
GLD,184.95,Put,180,2023-05-19,21,0.79,0.8,0.8,0.8,2441,19747,"+2,922",15.30%,"12:18 ET"
SPY,414.68,Call,413,2023-05-19,21,7.15,7.16,7.17,7.16,3403,28018,"+2,839",14.87%,"12:18 ET"
SPY,414.68,Call,413,2023-05-01,3,2.47,2.5,2.52,2.47,56895,21584,"+2,828",9.59%,"12:18 ET"
TQQQ,27.86,Call,28,2023-05-05,7,0.85,0.86,0.87,0.85,14211,7891,"+2,791",60.97%,"12:18 ET"
SPY,414.68,Put,389,2023-05-12,14,0.39,0.4,0.4,0.38,906,9811,"+2,766",20.92%,"11:57 ET"
QQQ,321,Put,315,2023-05-01,3,0.19,0.2,0.2,0.19,5945,3532,"+2,755",15.31%,"12:18 ET"
SQQQ,29.37,Call,31,2023-05-05,7,0.53,0.54,0.55,0.55,3696,5259,"+2,710",69.48%,"12:18 ET"
SQQQ,29.37,Call,30,2023-06-16,49,2.41,2.44,2.47,2.46,1625,10263,"+2,705",62.16%,"12:18 ET"
SPY,414.68,Call,414,2023-05-02,4,2.26,2.27,2.28,2.27,13601,4302,"+2,672",10.72%,"12:18 ET"
SPY,414.68,Put,405,2023-05-12,14,1.76,1.77,1.77,1.76,1531,8408,"+2,649",16.76%,"12:18 ET"
TLT,106.39,Put,101,2023-05-19,21,0.2,0.21,0.21,0.21,1825,25467,"+2,610",17.51%,"12:11 ET"
QQQ,321,Put,308,2023-05-05,7,0.61,0.62,0.62,0.59,4206,7691,"+2,595",24.95%,"12:12 ET"
SPY,414.68,Call,412,2023-05-01,3,3.21,3.25,3.29,3.21,23786,8441,"+2,593",9.66%,"12:18 ET"
QQQ,321,Put,321,2023-04-28,0,0.86,0.87,0.88,0.88,41153,4042,"+2,584",11.51%,"12:18 ET"
SPY,414.68,Put,412,2023-05-03,5,1.81,1.82,1.82,1.82,17697,5388,"+2,522",15.62%,"12:18 ET"
QQQ,321,Put,320,2023-05-05,7,3.27,3.28,3.29,3.27,8446,5287,"+2,508",21.12%,"12:18 ET"
SOXL,13.9,Call,13,2023-04-28,0,0.84,0.86,0.88,0.91,1370,3891,"+2,506",78.89%,"12:15 ET"
ICLN,18.52,Put,18.5,2023-05-19,21,0.35,0.4,0.45,0.4,9846,12685,"+2,495",24.70%,"10:24 ET"
QQQ,321,Put,317,2023-05-01,3,0.4,0.41,0.41,0.4,5621,3607,"+2,469",14.41%,"12:18 ET"
QQQ,321,Put,317,2023-05-02,4,0.73,0.74,0.74,0.72,4885,3017,"+2,436",16.06%,"12:18 ET"
SPY,414.68,Call,428,2023-07-21,84,6.46,6.48,6.5,6.52,963,9828,"+2,426",14.14%,"12:17 ET"
SPY,414.68,Put,407,2023-05-12,14,2.12,2.13,2.14,2.05,2212,6773,"+2,420",16.23%,"12:10 ET"
SPY,414.68,Put,410,2023-05-02,4,0.55,0.56,0.56,0.54,12231,4846,"+2,376",12.47%,"12:17 ET"
QQQ,321,Put,305,2023-05-19,21,1.54,1.55,1.55,1.54,2846,31136,"+2,366",22.84%,"12:16 ET"
QQQ,321,Call,326,2023-05-05,7,1.56,1.57,1.58,1.71,1475,5107,"+2,351",19.69%,"12:16 ET"
SPY,414.68,Put,407,2023-05-02,4,0.26,0.27,0.27,0.26,2723,5972,"+2,344",13.73%,"12:17 ET"
QQQ,321,Call,340,2023-07-21,84,4.83,4.85,4.86,4.99,5029,4496,"+2,340",18.17%,"12:11 ET"
SPY,414.68,Put,409,2023-05-05,7,1.63,1.63,1.64,1.62,3740,10258,"+2,331",17.07%,"12:18 ET"
QQQ,321,Call,319,2023-04-28,0,1.9,1.92,1.94,1.9,19003,7451,"+2,327",9.84%,"12:18 ET"
QQQ,321,Call,328,2023-05-01,3,0.09,0.1,0.1,0.1,847,2754,"+2,301",15.06%,"12:17 ET"
SPY,414.68,Call,414,2023-05-19,21,6.49,6.5,6.51,6.51,4129,21784,"+2,297",14.60%,"12:18 ET"
DIA,340.23,Call,343,2023-05-05,7,1.37,1.38,1.39,1.39,763,2458,"+2,291",13.12%,"12:17 ET"
SPY,414.68,Call,412,2023-05-05,7,5.38,5.39,5.39,5.39,5016,9442,"+2,253",16.52%,"12:18 ET"
SPY,414.68,Put,405,2023-05-04,6,0.67,0.68,0.68,0.65,2404,7681,"+2,231",17.55%,"12:17 ET"
SPY,414.68,Call,413,2023-05-05,7,4.71,4.72,4.72,4.72,11881,13100,"+2,190",16.19%,"12:18 ET"
QQQ,321,Put,315,2023-05-19,21,3.45,3.46,3.47,3.46,8263,100657,"+2,186",20.22%,"12:18 ET"
SPY,414.68,Call,406,2023-04-28,0,8.52,8.59,8.67,8.97,3591,11039,"+2,182",15.41%,"12:15 ET"
SQQQ,29.37,Call,29.5,2023-05-05,7,1.01,1.02,1.03,1,1609,2430,"+2,151",63.74%,"12:17 ET"
XLF,33.12,Put,32.5,2023-05-05,7,0.14,0.15,0.15,0.14,5702,5267,"+2,141",20.37%,"12:07 ET"
SQQQ,29.37,Call,30,2023-05-05,7,0.82,0.83,0.84,0.84,4681,4153,"+2,123",66.20%,"12:18 ET"
SPY,414.68,Put,403,2023-05-03,5,0.33,0.34,0.34,0.3,2442,3983,"+2,122",17.97%,"12:08 ET"
QQQ,321,Put,320,2023-06-16,49,8.04,8.06,8.07,8.09,2779,23907,"+2,110",19.04%,"12:18 ET"
QQQ,321,Put,313,2023-05-05,7,1.28,1.29,1.29,1.28,1273,3750,"+2,106",23.37%,"12:18 ET"
SPY,414.68,Put,410,2023-05-01,3,0.31,0.32,0.32,0.32,39750,4705,"+2,077",11.81%,"12:18 ET"
GDX,33.72,Call,35,2023-06-16,49,1.17,1.19,1.2,1.18,10200,54025,"+2,074",34.27%,"12:10 ET"
SPY,414.68,Call,419,2023-05-05,7,1.65,1.65,1.66,1.65,5229,8734,"+2,068",14.36%,"12:18 ET"
SPY,414.68,Put,390,2024-03-28,335,17.66,17.83,18,17.7,7177,2085,"+2,068",21.43%,"12:12 ET"
EWZ,28.2,Put,27,2023-05-19,21,0.34,0.35,0.36,0.37,1147,62162,"+2,055",29.35%,"12:09 ET"
TQQQ,27.86,Put,27,2023-05-05,7,0.63,0.64,0.64,0.64,3573,4427,"+2,052",65.75%,"12:18 ET"
SPY,414.68,Put,415,2023-07-21,84,11.34,11.36,11.37,11.35,2663,17019,"+2,040",15.04%,"12:16 ET"
TQQQ,27.86,Call,26.5,2023-05-05,7,1.78,1.79,1.8,1.88,1210,6983,"+2,038",66.58%,"12:16 ET"
QQQ,321,Put,314,2023-05-05,7,1.48,1.48,1.49,1.48,2657,7433,"+2,038",23.10%,"12:17 ET"
UVXY,3.61,Call,4,2023-06-16,49,0.46,0.46,0.47,0.47,2874,17416,"+2,016",115.63%,"12:18 ET"
QQQ,321,Call,330,2023-05-05,7,0.66,0.67,0.67,0.68,1395,9097,"+2,015",19.17%,"12:18 ET"
QQQ,321,Put,320,2023-05-12,14,4.35,4.36,4.37,4.35,985,3438,"+2,014",19.69%,"12:18 ET"
TQQQ,27.86,Call,29,2023-05-05,7,0.44,0.45,0.45,0.44,4318,6926,"+1,995",58.18%,"12:18 ET"
SPY,414.68,Call,420,2023-05-02,4,0.26,0.27,0.27,0.26,6076,3558,"+1,995",10.14%,"12:18 ET"
SPY,414.68,Put,413,2023-05-19,21,4.47,4.48,4.49,4.45,2177,25764,"+1,989",14.05%,"12:18 ET"
QQQ,321,Call,320,2023-05-19,21,6.67,6.68,6.69,6.74,5167,73391,"+1,950",19.25%,"12:18 ET"
TQQQ,27.86,Put,26,2023-05-26,28,0.99,1.01,1.02,0.98,1284,2416,"+1,949",60.25%,"12:15 ET"
XLF,33.12,Put,31,2023-07-21,84,0.56,0.58,0.59,0.57,2401,2327,"+1,941",22.90%,"12:11 ET"
SPY,414.68,Put,400,2023-05-04,6,0.28,0.29,0.29,0.26,977,4518,"+1,940",18.87%,"12:14 ET"
QQQ,321,Put,316,2023-05-01,3,0.27,0.28,0.28,0.24,8662,2874,"+1,926",14.83%,"12:16 ET"
SPY,414.68,Call,408,2023-04-28,0,6.55,6.61,6.67,6.61,13953,9935,"+1,900",12.08%,"12:18 ET"
SOXL,13.9,Call,13.5,2023-04-28,0,0.36,0.38,0.39,0.42,3818,5836,"+1,888",35.79%,"12:15 ET"
SPY,414.68,Call,417,2023-05-05,7,2.47,2.48,2.48,2.52,5816,9818,"+1,887",14.92%,"12:18 ET"
LQD,109.85,Call,110,2023-05-19,21,0.85,0.88,0.9,0.86,7480,13109,"+1,874",8.43%,"12:06 ET"
QQQ,321,Put,321,2023-05-05,7,3.71,3.72,3.73,3.71,3213,3010,"+1,871",20.86%,"12:18 ET"
QQQ,321,Put,319,2023-05-01,3,0.85,0.86,0.86,0.85,16529,2399,"+1,844",13.90%,"12:18 ET"
TQQQ,27.86,Call,28,2023-04-28,0,0.1,0.11,0.11,0.1,14622,14779,"+1,834",31.72%,"12:18 ET"
SPY,414.68,Put,407,2023-05-03,5,0.72,0.73,0.73,0.69,1880,4582,"+1,829",16.86%,"12:16 ET"
SQQQ,29.37,Call,30.5,2023-05-05,7,0.66,0.67,0.68,0.65,1318,2722,"+1,814",67.17%,"12:11 ET"
SPY,414.68,Put,406,2023-05-05,7,1.06,1.07,1.07,1.07,5282,9266,"+1,808",17.87%,"12:18 ET"
SPY,414.68,Put,409,2023-05-19,21,3.32,3.33,3.34,3.26,2643,16600,"+1,800",15.15%,"12:16 ET"
SPY,414.68,Put,390,2023-05-05,7,0.11,0.11,0.12,0.12,3939,18086,"+1,795",22.78%,"12:18 ET"
SPY,414.68,Call,420,2023-09-15,140,17.22,17.31,17.39,16.71,1374,38741,"+1,781",16.83%,"11:09 ET"
SPY,414.68,Put,415,2023-05-03,5,2.98,2.99,2.99,2.99,1467,3274,"+1,780",14.90%,"12:18 ET"
QQQ,321,Put,330,2023-05-12,14,10.16,10.24,10.32,9.99,1382,1845,"+1,771",17.62%,"12:11 ET"
SPY,414.68,Call,412.5,2023-05-05,7,5.04,5.05,5.05,5.06,4878,8007,"+1,768",16.33%,"12:18 ET"
SPY,414.68,Call,410,2023-09-15,140,23.87,23.97,24.06,24.13,3235,21139,"+1,766",18.34%,"12:16 ET"
SPXU,13.09,Call,14,2023-06-16,49,0.62,0.64,0.65,0.6,538,6794,"+1,752",51.34%,"12:08 ET"
SPY,414.68,Put,409,2023-05-02,4,0.43,0.44,0.44,0.42,7716,2561,"+1,752",12.93%,"12:17 ET"
SPY,414.68,Put,370,2023-07-21,84,3.04,3.05,3.06,2.99,602,30876,"+1,748",22.77%,"12:13 ET"
SPY,414.68,Put,413,2023-05-10,12,3.44,3.45,3.45,3.42,527,1772,"+1,742",14.65%,"12:18 ET"
SPY,414.68,Put,380,2023-05-19,21,0.42,0.43,0.43,0.41,14156,89683,"+1,739",22.32%,"12:17 ET"
SPY,414.68,Call,430,2023-07-21,84,5.59,5.61,5.63,5.64,866,15807,"+1,736",13.80%,"12:16 ET"
QQQ,321,Put,300,2023-05-05,7,0.18,0.19,0.19,0.18,1741,23851,"+1,730",27.52%,"12:15 ET"
DIA,340.23,Put,335,2023-05-05,7,1.06,1.07,1.08,1.05,619,2219,"+1,729",16.26%,"12:17 ET"
SPY,414.68,Put,404,2023-05-12,14,1.6,1.61,1.61,1.53,4505,6194,"+1,714",17.05%,"12:13 ET"
SPY,414.68,Call,430,2023-12-15,231,19.53,19.58,19.63,19.8,1029,19911,"+1,707",17.07%,"12:12 ET"
QQQ,321,Call,340,2023-05-19,21,0.42,0.43,0.44,0.45,796,24487,"+1,681",16.19%,"12:17 ET"
IYR,85.61,Call,85,2023-04-28,0,0.6,0.67,0.73,0.7,2497,1856,"+1,677",18.00%,"11:39 ET"
QQQ,321,Put,312,2023-05-19,21,2.72,2.73,2.73,2.67,1433,12188,"+1,672",21.02%,"12:11 ET"
UVXY,3.61,Call,4,2023-05-19,21,0.23,0.24,0.24,0.24,2891,17036,"+1,653",110.19%,"12:18 ET"
SPY,414.68,Call,414,2023-05-05,7,4.08,4.09,4.09,4.08,10360,9092,"+1,593",15.81%,"12:18 ET"
SPY,414.68,Put,410,2023-07-21,84,9.74,9.75,9.77,9.73,1325,18283,"+1,584",16.00%,"12:17 ET"
QQQ,321,Call,320,2023-05-01,3,1.94,1.95,1.96,1.94,12819,3193,"+1,582",12.69%,"12:18 ET"
IWM,175.44,Put,172,2023-05-05,7,0.93,0.94,0.95,0.9,682,4197,"+1,570",23.74%,"12:15 ET"
SQQQ,29.37,Call,29,2023-04-28,0,0.5,0.51,0.52,0.48,4542,2414,"+1,557",35.68%,"12:17 ET"
QQQ,321,Put,318,2023-05-01,3,0.58,0.59,0.59,0.6,11833,2301,"+1,552",14.10%,"12:18 ET"
TQQQ,27.86,Call,30,2023-05-05,7,0.2,0.21,0.21,0.22,2315,5224,"+1,544",56.94%,"12:13 ET"
SQQQ,29.37,Call,32,2023-05-12,14,0.63,0.64,0.64,0.63,1607,2371,"+1,530",65.86%,"12:17 ET"
SPY,414.68,Call,420,2023-05-19,21,3.2,3.21,3.21,3.21,4190,34326,"+1,529",12.99%,"12:18 ET"
IWM,175.44,Call,177,2023-05-05,7,1.37,1.38,1.39,1.48,645,2686,"+1,513",20.91%,"12:13 ET"
XBI,80.04,Put,77,2023-05-19,21,1.02,1.04,1.06,1.03,3402,11438,"+1,494",31.08%,"12:18 ET"
SPY,414.68,Call,421,2023-05-19,21,2.77,2.78,2.79,2.81,2640,9442,"+1,485",12.75%,"12:16 ET"
UVXY,3.61,Call,7,2023-09-15,140,0.52,0.54,0.55,0.54,647,11078,"+1,484",139.21%,"10:35 ET"
QQQ,321,Call,330,2023-05-12,14,1.42,1.43,1.44,1.47,3230,3329,"+1,468",17.77%,"12:17 ET"
QQQ,321,Put,322,2023-04-28,0,1.55,1.57,1.58,1.56,11816,1734,"+1,454",12.12%,"12:18 ET"
QQQ,321,Call,318,2023-05-05,7,5.52,5.54,5.56,5.62,1666,4678,"+1,453",21.85%,"12:18 ET"
SPY,414.68,Put,408,2023-05-03,5,0.87,0.88,0.88,0.87,3247,2548,"+1,431",16.55%,"12:17 ET"
UVXY,3.61,Call,4.5,2023-05-12,14,0.09,0.1,0.1,0.11,610,4598,"+1,405",122.12%,"12:17 ET"
QQQ,321,Put,315,2023-05-03,5,1.07,1.08,1.08,1.06,3770,4582,"+1,397",21.56%,"12:17 ET"
IWM,175.44,Put,170,2023-12-15,231,8.69,8.73,8.76,9.3,806,51429,"+1,396",23.22%,"11:01 ET"
SPY,414.68,Put,410,2023-05-12,14,2.81,2.82,2.82,2.81,5093,7356,"+1,390",15.36%,"12:18 ET"
SPY,414.68,Call,417.5,2023-05-19,21,4.42,4.43,4.44,4.47,2170,2324,"+1,389",13.60%,"12:18 ET"
SPY,414.68,Call,419,2023-05-19,21,3.66,3.67,3.67,3.7,1949,8746,"+1,382",13.21%,"12:16 ET"
SQQQ,29.37,Put,30,2023-04-28,0,0.59,0.6,0.61,0.7,2317,6856,"+1,372",36.14%,"12:10 ET"
QQQ,321,Call,327,2023-05-01,3,0.12,0.13,0.13,0.13,1517,1805,"+1,369",14.20%,"12:17 ET"
UVXY,3.61,Call,4,2023-09-15,140,0.93,0.96,0.98,0.94,1401,11114,"+1,361",119.44%,"12:18 ET"
SPY,414.68,Put,409,2023-05-03,5,1.05,1.06,1.06,1.01,3409,2324,"+1,354",16.33%,"12:16 ET"
SPY,414.68,Call,420,2023-06-30,63,8.09,8.11,8.12,8.14,583,24505,"+1,347",14.53%,"12:18 ET"
SLV,22.99,Call,24,2023-05-19,21,0.24,0.25,0.25,0.24,1885,13408,"+1,346",27.18%,"12:18 ET"
IWM,175.44,Call,176,2023-05-05,7,1.85,1.87,1.88,1.95,1199,2511,"+1,345",21.61%,"12:14 ET"
SQQQ,29.37,Put,28,2023-05-05,7,0.37,0.38,0.38,0.41,920,2857,"+1,337",58.60%,"12:15 ET"
TLT,106.39,Call,106,2023-05-05,7,1.11,1.14,1.16,1.14,803,2120,"+1,312",15.17%,"12:01 ET"
SQQQ,29.37,Put,30,2023-05-05,7,1.34,1.36,1.37,1.38,540,3165,"+1,296",64.93%,"12:17 ET"
QQQ,321,Call,317,2023-04-28,0,3.71,3.76,3.82,3.96,3497,7435,"+1,294",13.02%,"12:16 ET"
QQQ,321,Call,325,2023-06-16,49,7.91,7.92,7.93,8.01,1049,37398,"+1,293",19.94%,"12:17 ET"
SPY,414.68,Put,412,2023-05-02,4,0.94,0.95,0.95,0.95,22345,8397,"+1,287",11.83%,"12:18 ET"
SPY,414.68,Call,414,2023-07-21,84,14.49,14.51,14.53,14.59,629,2013,"+1,283",16.89%,"12:17 ET"
SPY,414.68,Put,412,2023-05-05,7,2.43,2.44,2.44,2.44,9650,7102,"+1,282",16.19%,"12:18 ET"
SPY,414.68,Put,408,2023-05-26,28,3.79,3.8,3.81,3.77,619,4373,"+1,275",15.27%,"12:18 ET"
SPY,414.68,Call,412,2023-05-10,12,6.21,6.22,6.23,6.32,1131,1287,"+1,274",15.13%,"11:58 ET"
XLE,85.25,Call,84,2023-04-28,0,1.25,1.3,1.35,1.25,1875,2310,"+1,251",16.04%,"11:52 ET"
SPY,414.68,Put,411,2023-05-02,4,0.72,0.73,0.73,0.72,8512,2557,"+1,248",12.09%,"12:18 ET"
SPY,414.68,Put,405,2023-05-03,5,0.48,0.49,0.49,0.49,15543,3504,"+1,245",17.37%,"12:18 ET"
SOXL,13.9,Call,14,2023-05-05,7,0.54,0.55,0.55,0.55,4132,2832,"+1,241",79.34%,"12:17 ET"
QQQ,321,Put,321,2023-05-19,21,5.54,5.55,5.56,5.5,2628,6938,"+1,238",18.75%,"12:17 ET"
QQQ,321,Put,313,2023-05-02,4,0.23,0.24,0.25,0.23,1036,1668,"+1,233",17.44%,"12:18 ET"
SPY,414.68,Call,416,2023-05-05,7,2.96,2.97,2.97,2.97,4746,6701,"+1,210",15.25%,"12:18 ET"
QQQ,321,Put,319,2023-05-12,14,3.95,3.97,3.98,3.79,1329,1796,"+1,207",19.97%,"12:06 ET"
SPY,414.68,Call,411,2023-05-02,4,4.37,4.42,4.46,4.55,2975,4066,"+1,205",11.48%,"12:17 ET"
SPY,414.68,Call,411,2023-05-05,7,6.06,6.09,6.11,6.11,2291,6866,"+1,201",16.93%,"12:18 ET"
SPY,414.68,Put,402,2023-05-03,5,0.27,0.28,0.28,0.28,1184,4224,"+1,168",18.33%,"12:18 ET"
QQQ,321,Call,332,2023-05-19,21,1.59,1.6,1.61,1.75,612,3748,"+1,167",16.85%,"12:13 ET"
SPY,414.68,Put,408,2023-05-05,7,1.42,1.42,1.43,1.42,12809,19029,"+1,166",17.33%,"12:18 ET"
SPY,414.68,Put,411,2023-05-19,21,3.85,3.86,3.87,3.7,1356,16002,"+1,163",14.60%,"12:12 ET"
SQQQ,29.37,Call,29.5,2023-04-28,0,0.18,0.19,0.19,0.19,5616,1646,"+1,159",35.20%,"12:18 ET"
KRE,42.91,Call,45,2023-06-30,63,1.44,1.52,1.6,1.6,500,1972,"+1,157",35.56%,"12:12 ET"
IWM,175.44,Put,167,2023-06-16,49,2.39,2.41,2.42,2.37,56328,3650,"+1,157",23.07%,"12:14 ET"
QQQ,321,Put,322,2023-05-01,3,2.21,2.23,2.24,2.21,4802,1209,"+1,152",13.45%,"12:18 ET"
QQQ,321,Call,335,2023-05-19,21,0.99,1,1.01,1.11,1249,38694,"+1,136",16.48%,"12:15 ET"
SPY,414.68,Put,400,2023-07-21,84,7.26,7.28,7.29,7.18,1326,35871,"+1,133",17.85%,"12:14 ET"
SPY,414.68,Put,412.5,2023-05-19,21,4.31,4.31,4.32,4.21,1849,2275,"+1,131",14.19%,"12:09 ET"
SPY,414.68,Put,415,2023-05-05,7,3.55,3.56,3.57,3.56,7776,16182,"+1,127",15.23%,"12:18 ET"
UVXY,3.61,Call,4,2023-05-12,14,0.16,0.17,0.17,0.17,1988,5005,"+1,123",109.47%,"12:15 ET"
SPY,414.68,Call,408,2023-05-03,5,7.55,7.61,7.66,7.24,605,1785,"+1,107",15.98%,"11:42 ET"
SPY,414.68,Call,426,2023-06-16,49,4.03,4.04,4.05,4.04,997,4842,"+1,099",13.37%,"12:04 ET"
SPY,414.68,Put,401,2023-05-05,7,0.5,0.51,0.51,0.5,1827,7519,"+1,096",19.04%,"12:16 ET"
TQQQ,27.86,Call,27,2023-05-05,7,1.43,1.44,1.45,1.44,2558,8256,"+1,092",64.71%,"12:18 ET"
SPY,414.68,Put,412,2023-05-10,12,3.1,3.11,3.12,3.08,1501,1087,"+1,087",14.93%,"12:18 ET"
QQQ,321,Call,322,2023-05-01,3,0.97,0.98,0.99,0.98,17896,2028,"+1,081",12.74%,"12:18 ET"
SPY,414.68,Put,410,2023-05-03,5,1.27,1.28,1.28,1.28,9884,5667,"+1,069",16.15%,"12:18 ET"
SPY,414.68,Put,409,2023-05-01,3,0.22,0.23,0.23,0.22,17282,6055,"+1,068",12.11%,"12:18 ET"
SPY,414.68,Put,407.5,2023-05-19,21,2.98,2.99,2.99,2.96,1452,2898,"+1,065",15.57%,"12:18 ET"
SPY,414.68,Put,409,2023-05-10,12,2.27,2.28,2.29,2.29,546,1081,"+1,060",15.80%,"11:50 ET"
SPY,414.68,Call,411,2023-05-19,21,8.54,8.55,8.56,8.56,3754,10654,"+1,056",15.49%,"12:18 ET"
SPY,414.68,Call,418,2023-05-01,3,0.33,0.34,0.34,0.34,16526,8299,"+1,055",9.35%,"12:18 ET"
SPY,414.68,Put,406,2023-05-02,4,0.21,0.22,0.22,0.2,3596,5313,"+1,051",14.35%,"12:16 ET"
QQQ,321,Call,326,2023-05-01,3,0.18,0.19,0.19,0.18,2482,1804,"+1,042",13.49%,"12:18 ET"
SPY,414.68,Put,404,2023-05-03,5,0.4,0.41,0.41,0.4,946,2374,"+1,041",17.61%,"12:17 ET"
SPY,414.68,Put,400,2023-05-26,28,2.33,2.34,2.34,2.33,1750,10877,"+1,041",17.24%,"12:17 ET"
SPY,414.68,Call,430,2023-06-16,49,2.63,2.64,2.65,2.72,2593,52294,"+1,039",12.66%,"12:16 ET"
SPY,414.68,Call,421,2023-05-05,7,1.04,1.05,1.05,1.04,4650,4431,"+1,031",13.91%,"12:18 ET"
QQQ,321,Put,323,2023-05-01,3,2.86,2.9,2.94,2.76,3353,1085,"+1,024",13.67%,"12:17 ET"
UVXY,3.61,Call,5,2023-06-16,49,0.31,0.32,0.32,0.32,1788,23857,"+1,016",134.52%,"12:15 ET"
QQQ,321,Put,311,2023-05-03,5,0.48,0.49,0.49,0.44,1455,1367,"+1,014",22.65%,"12:15 ET"
SPY,414.68,Call,408,2023-05-01,3,6.72,6.8,6.88,7.3,678,3699,"+1,008",10.27%,"12:14 ET"
HYG,75.44,Put,74,2023-05-19,21,0.25,0.27,0.28,0.26,1181,133542,"+1,008",10.55%,"11:42 ET"
QQQ,321,Call,318,2023-05-01,3,3.31,3.34,3.38,3.61,1462,2143,"+1,006",13.01%,"12:16 ET"
SPY,414.68,Call,420,2023-05-12,14,2.32,2.33,2.34,2.39,1871,4787,"+1,005",13.28%,"12:17 ET"
TQQQ,27.86,Put,25,2023-05-05,7,0.19,0.2,0.2,0.19,2948,11585,"+1,001",71.87%,"12:18 ET"
SPY,414.68,Put,410,2023-05-04,6,1.53,1.54,1.55,1.54,2389,3477,+994,16.26%,"12:18 ET"
EWZ,28.2,Put,23,2023-06-16,49,0.14,0.15,0.15,0.15,1539,23507,+991,39.08%,"11:59 ET"
LABU,5.54,Call,6,2023-05-05,7,0.1,0.11,0.11,0.1,2137,4252,+987,81.29%,"12:17 ET"
EWZ,28.2,Call,28.5,2023-05-19,21,0.69,0.7,0.71,0.66,1666,11026,+986,32.90%,"12:02 ET"
SPY,414.68,Call,413,2023-05-02,4,2.89,2.91,2.93,3.05,11077,3545,+986,10.93%,"12:17 ET"
KRE,42.91,Call,43,2023-05-12,14,1.29,1.3,1.31,1.32,2127,1137,+981,42.31%,"12:17 ET"
SPY,414.68,Call,411,2023-05-10,12,6.91,6.92,6.93,6.84,780,1332,+979,15.42%,"11:55 ET"
QQQ,321,Put,318,2023-05-05,7,2.54,2.55,2.56,2.55,1931,5533,+976,21.87%,"12:18 ET"
SPY,414.68,Call,415,2023-05-03,5,2.71,2.72,2.73,2.71,7889,2214,+975,14.47%,"12:18 ET"
SPXS,17.18,Call,18,2023-05-05,7,0.2,0.21,0.21,0.2,675,1478,+974,51.88%,"12:12 ET"
QQQ,321,Put,324,2023-04-28,0,3.29,3.34,3.4,3.29,2461,1085,+974,12.80%,"12:17 ET"
UVXY,3.61,Call,8,2023-09-15,140,0.45,0.47,0.49,0.47,1948,19803,+960,143.31%,"12:03 ET"
SQQQ,29.37,Call,35,2023-05-19,21,0.44,0.45,0.45,0.44,1993,8423,+957,70.37%,"12:09 ET"
UVXY,3.61,Call,3,2023-09-15,140,1.19,1.21,1.23,1.2,1033,2503,+954,103.28%,"12:17 ET"
EEM,39.11,Call,41,2023-06-16,49,0.15,0.17,0.19,0.17,18530,66182,+954,13.01%,"12:18 ET"
QQQ,321,Put,315,2023-06-16,49,6.36,6.38,6.39,6.35,10053,37036,+953,20.19%,"12:16 ET"
SPY,414.68,Call,424,2023-05-19,21,1.74,1.75,1.75,1.86,728,11828,+949,12.17%,"12:12 ET"
SPY,414.68,Put,414,2023-07-21,84,11,11.02,11.03,11.03,2324,1400,+948,15.26%,"12:18 ET"
SOXL,13.9,Call,13.5,2023-05-05,7,0.81,0.82,0.83,0.84,1455,1816,+939,81.34%,"12:14 ET"
QQQ,321,Put,310,2023-05-12,14,1.64,1.65,1.66,1.6,3074,3815,+936,22.50%,"12:13 ET"
QQQ,321,Call,327.5,2023-05-05,7,1.15,1.15,1.16,1.31,749,2535,+933,19.43%,"12:13 ET"
QQQ,321,Put,318,2023-05-02,4,0.96,0.97,0.97,0.94,2544,1878,+933,15.74%,"12:18 ET"
HYG,75.44,Call,76,2023-05-19,21,0.21,0.24,0.27,0.25,1090,148617,+930,6.99%,"11:42 ET"
SPY,414.68,Put,410,2023-05-10,12,2.52,2.53,2.54,2.43,1217,933,+926,15.48%,"12:11 ET"
SPY,414.68,Put,403,2023-05-19,21,2.14,2.15,2.15,2.05,861,22245,+925,16.74%,"12:10 ET"
UVXY,3.61,Put,4,2023-05-05,7,0.45,0.46,0.46,0.45,1355,4954,+923,97.55%,"12:15 ET"
SPY,414.68,Call,416,2023-05-01,3,0.85,0.86,0.86,0.86,35109,4821,+908,9.32%,"12:18 ET"
QQQ,321,Call,320,2023-05-10,12,5.15,5.17,5.18,5.29,555,970,+907,19.64%,"12:17 ET"
QQQ,321,Call,318,2023-04-28,0,2.76,2.8,2.85,2.83,9244,14012,+906,10.70%,"12:18 ET"
SPY,414.68,Put,380,2023-07-21,84,4.06,4.07,4.08,4.05,908,30280,+904,21.20%,"12:18 ET"
SPY,414.68,Call,410,2023-05-10,12,7.61,7.66,7.7,7.7,500,955,+898,15.91%,"12:17 ET"
SOXL,13.9,Call,13,2023-05-05,7,1.15,1.17,1.18,1.2,685,1600,+895,85.53%,"12:15 ET"
SPY,414.68,Put,390,2023-07-21,84,5.43,5.44,5.45,5.42,11933,34999,+890,19.58%,"12:16 ET"
SOXL,13.9,Call,15,2023-05-05,7,0.19,0.2,0.2,0.2,2333,4503,+886,75.64%,"12:16 ET"
UNG,6.94,Call,7,2023-05-05,7,0.22,0.23,0.23,0.22,1553,4041,+884,64.52%,"12:16 ET"
QQQ,321,Put,290,2023-12-15,231,10.92,10.96,10.99,11.02,556,33155,+879,26.71%,"11:47 ET"
SPY,414.68,Put,404,2023-05-05,7,0.79,0.8,0.8,0.79,2952,9206,+877,18.32%,"12:18 ET"
SPY,414.68,Call,413,2023-05-10,12,5.54,5.55,5.56,5.84,718,881,+870,14.83%,"12:07 ET"
SPY,414.68,Call,418,2023-05-12,14,3.18,3.19,3.2,3.25,1366,3219,+867,13.75%,"12:17 ET"
XLF,33.12,Call,33,2023-05-05,7,0.41,0.42,0.43,0.41,824,7042,+860,19.08%,"12:17 ET"
QQQ,321,Call,323,2023-05-01,3,0.65,0.66,0.66,0.66,12513,2153,+857,12.82%,"12:18 ET"
QQQ,321,Put,321,2023-05-01,3,1.64,1.65,1.67,1.66,9744,1213,+856,13.63%,"12:18 ET"
SQQQ,29.37,Call,30,2023-05-19,21,1.4,1.42,1.44,1.4,1072,8974,+855,57.59%,"12:17 ET"
SPY,414.68,Call,415,2023-05-05,7,3.5,3.51,3.51,3.51,15093,34866,+848,15.56%,"12:18 ET"
SQQQ,29.37,Put,28.5,2023-05-05,7,0.55,0.56,0.56,0.61,514,2217,+836,60.07%,"12:14 ET"
SPY,414.68,Call,427,2023-05-05,7,0.2,0.21,0.21,0.23,798,2161,+825,13.42%,"12:12 ET"
UVXY,3.61,Call,3.5,2023-05-12,14,0.29,0.3,0.3,0.3,1460,3804,+825,84.46%,"12:17 ET"
IWM,175.44,Call,180,2023-05-19,21,1.33,1.34,1.35,1.38,6739,61799,+824,17.66%,"12:15 ET"
SPY,414.68,Put,420,2023-07-21,84,13.27,13.29,13.3,13.24,1079,13891,+821,14.10%,"12:16 ET"
SPY,414.68,Call,412,2023-05-04,6,4.98,4.99,4.99,4.99,3761,6215,+812,15.97%,"12:18 ET"
QQQ,321,Put,319,2023-05-03,5,2.2,2.21,2.21,2.2,3185,2112,+808,20.50%,"12:18 ET"
IWM,175.44,Put,172,2023-05-01,3,0.17,0.18,0.18,0.18,1485,1815,+807,18.87%,"12:17 ET"
TZA,32.81,Call,37,2023-05-12,14,0.5,0.53,0.55,0.55,950,851,+802,72.23%,"10:14 ET"
SPY,414.68,Put,405,2023-05-26,28,3.15,3.16,3.17,3.12,1235,4045,+800,16.02%,"12:17 ET"
SPY,414.68,Put,413,2023-05-05,7,2.76,2.77,2.78,2.78,8839,11916,+796,15.91%,"12:18 ET"
SPY,414.68,Put,405,2023-07-21,84,8.4,8.42,8.43,8.44,955,17698,+791,16.94%,"12:17 ET"
SOXL,13.9,Call,12.5,2023-04-28,0,1.33,1.36,1.38,1.42,1265,1029,+791,115.81%,"12:15 ET"
SPY,414.68,Put,411,2023-05-01,3,0.43,0.44,0.44,0.44,35204,2944,+791,11.32%,"12:18 ET"
QQQ,321,Call,321,2023-05-19,21,6.08,6.09,6.1,6.2,2310,9147,+780,19.01%,"12:17 ET"
IWM,175.44,Call,175,2023-05-05,7,2.41,2.43,2.44,2.52,8592,4447,+780,22.28%,"12:15 ET"
QQQ,321,Call,322.5,2023-05-19,21,5.25,5.26,5.27,5.37,1460,1194,+777,18.67%,"12:17 ET"
SQQQ,29.37,Call,29,2023-05-05,7,1.24,1.26,1.27,1.25,906,1097,+775,62.00%,"12:18 ET"
SPY,414.68,Call,412,2023-05-12,14,6.7,6.71,6.72,6.8,1102,7509,+775,15.44%,"12:17 ET"
SQQQ,29.37,Put,29,2023-05-05,7,0.77,0.78,0.78,0.8,1711,1780,+775,61.34%,"12:17 ET"
HYG,75.44,Call,75,2023-05-12,14,0.57,0.61,0.65,0.66,620,8294,+764,6.76%,"11:44 ET"
QQQ,321,Call,325,2023-05-01,3,0.28,0.29,0.29,0.28,5233,1867,+760,13.19%,"12:18 ET"
TQQQ,27.86,Put,26,2023-05-19,21,0.81,0.82,0.82,0.82,596,2732,+759,61.33%,"12:18 ET"
KRE,42.91,Put,39.5,2023-05-05,7,0.15,0.19,0.22,0.18,661,1289,+759,50.06%,"11:52 ET"
SPY,414.68,Put,412,2023-05-09,11,2.8,2.81,2.82,2.67,784,790,+759,14.45%,"12:14 ET"
IWM,175.44,Put,165,2024-06-21,420,10.18,10.28,10.38,10.32,6004,14696,+750,23.85%,"12:00 ET"
SQQQ,29.37,Call,32.5,2023-05-05,7,0.27,0.28,0.28,0.27,1122,1728,+748,72.46%,"12:17 ET"
QQQ,321,Call,319,2023-05-02,4,3.05,3.06,3.07,3.45,1664,1418,+748,14.74%,"12:14 ET"
QQQ,321,Call,337,2023-05-19,21,0.71,0.72,0.73,0.75,624,1764,+746,16.33%,"12:17 ET"
SPY,414.68,Put,404,2023-05-02,4,0.14,0.15,0.15,0.14,2185,2808,+745,15.35%,"12:17 ET"
SPY,414.68,Call,440,2023-06-16,49,0.78,0.79,0.79,0.78,741,62573,+741,11.70%,"12:18 ET"
QQQ,321,Put,319,2023-05-02,4,1.25,1.26,1.27,1.25,4138,883,+740,15.38%,"12:18 ET"
SPY,414.68,Put,408,2023-05-12,14,2.33,2.34,2.35,2.32,503,4822,+736,15.96%,"12:17 ET"
SPY,414.68,Put,415,2023-05-12,14,4.48,4.49,4.49,4.49,1221,4042,+736,13.99%,"12:18 ET"
SPY,414.68,Call,422.5,2023-05-19,21,2.21,2.22,2.22,2.33,1518,4244,+733,12.43%,"12:06 ET"
SPY,414.68,Put,407.5,2023-05-05,7,1.32,1.33,1.33,1.32,1814,6438,+730,17.44%,"12:17 ET"
SPY,414.68,Call,418,2023-05-05,7,2.03,2.04,2.04,2.07,5174,6780,+730,14.63%,"12:17 ET"
KRE,42.91,Call,42,2023-04-28,0,0.76,0.8,0.84,0.83,952,2849,+729,38.39%,"12:16 ET"
QQQ,321,Put,318,2023-05-12,14,3.6,3.62,3.63,3.44,934,1515,+725,20.27%,"12:08 ET"
SPY,414.68,Put,406,2023-05-10,12,1.66,1.67,1.67,1.65,661,1195,+724,16.57%,"12:17 ET"
SPY,414.68,Call,422,2023-06-16,49,5.85,5.86,5.87,5.65,944,9504,+724,14.22%,"11:45 ET"
SQQQ,29.37,Call,30,2023-05-12,14,1.16,1.17,1.18,1.11,3993,1503,+723,60.89%,"12:12 ET"
SPY,414.68,Put,411,2023-05-10,12,2.8,2.8,2.81,2.78,519,725,+720,15.20%,"12:18 ET"
SPY,414.68,Call,432,2023-06-16,49,2.09,2.09,2.1,2.19,986,6722,+716,12.37%,"12:12 ET"
QQQ,321,Call,322,2023-05-03,5,2.38,2.39,2.4,2.43,1541,1373,+716,19.28%,"12:18 ET"
SPY,414.68,Put,397.5,2023-05-05,7,0.29,0.3,0.3,0.28,884,4615,+715,19.96%,"12:13 ET"
UVXY,3.61,Call,4,2023-05-26,28,0.28,0.29,0.3,0.3,868,2551,+711,110.47%,"12:17 ET"
SPY,414.68,Put,409,2023-05-04,6,1.31,1.32,1.32,1.31,682,1911,+708,16.50%,"12:16 ET"
IWM,175.44,Put,175,2023-05-03,5,1.55,1.56,1.57,1.52,921,1447,+704,21.88%,"12:18 ET"
QQQ,321,Put,315,2023-05-12,14,2.7,2.71,2.72,2.7,3706,2483,+704,21.06%,"12:18 ET"
SPY,414.68,Put,280,2023-07-21,84,0.45,0.46,0.46,0.45,873,11096,+701,39.86%,"11:49 ET"
QQQ,321,Call,323,2023-05-02,4,1.03,1.04,1.04,1.05,1590,961,+701,14.17%,"12:18 ET"
SPXS,17.18,Call,17.5,2023-05-05,7,0.32,0.33,0.34,0.34,900,1299,+700,49.90%,"12:18 ET"
TQQQ,27.86,Put,27.5,2023-05-05,7,0.82,0.83,0.83,0.8,3345,1446,+700,63.81%,"12:17 ET"
TQQQ,27.86,Put,25.5,2023-05-05,7,0.26,0.27,0.27,0.27,2984,2530,+697,70.95%,"12:16 ET"
TQQQ,27.86,Put,26,2023-05-05,7,0.36,0.37,0.37,0.36,3405,4719,+696,68.75%,"12:18 ET"
SQQQ,29.37,Call,28,2023-05-05,7,1.82,1.85,1.88,1.75,551,1156,+692,59.44%,"12:06 ET"
LABU,5.54,Call,5.5,2023-05-05,7,0.3,0.31,0.31,0.3,2754,4900,+690,85.75%,"12:18 ET"
SPY,414.68,Put,403,2023-05-02,4,0.11,0.11,0.12,0.12,1537,4470,+689,16.01%,"12:18 ET"
IWM,175.44,Call,173,2023-04-28,0,2.38,2.46,2.53,2.63,1606,2840,+684,16.18%,"12:14 ET"
QQQ,321,Put,313,2023-05-01,3,0.1,0.11,0.11,0.1,2945,2391,+680,16.62%,"12:17 ET"
SPY,414.68,Put,415,2023-04-28,0,0.98,0.99,0.99,0.98,68049,2964,+680,9.30%,"12:18 ET"
IWM,175.44,Put,170,2023-07-21,84,4.46,4.48,4.49,4.41,3257,17058,+676,21.52%,"12:14 ET"
QQQ,321,Put,320,2023-05-02,4,1.62,1.63,1.64,1.63,4963,1477,+676,15.24%,"12:18 ET"
SPY,414.68,Put,370,2023-05-26,28,0.42,0.43,0.43,0.41,662,21290,+671,24.04%,"12:02 ET"
SPY,414.68,Put,414,2023-04-28,0,0.52,0.53,0.53,0.52,200144,1554,+670,9.42%,"12:18 ET"
QQQ,321,Call,325,2023-05-02,4,0.52,0.53,0.53,0.57,3196,993,+668,14.22%,"12:17 ET"
SPY,414.68,Call,417,2023-05-01,3,0.54,0.55,0.55,0.56,21281,7973,+668,9.26%,"12:18 ET"
TQQQ,27.86,Call,28.5,2023-05-05,7,0.62,0.63,0.63,0.63,10373,3432,+667,59.98%,"12:18 ET"
QQQ,321,Call,320,2023-05-02,4,2.42,2.43,2.43,2.48,3102,1493,+665,14.54%,"12:18 ET"
TLT,106.39,Call,105,2023-04-28,0,1.39,1.44,1.48,1.39,1188,5357,+664,20.40%,"12:12 ET"
SPY,414.68,Put,402.5,2023-05-05,7,0.63,0.64,0.64,0.62,1276,6507,+659,18.73%,"12:18 ET"
SPY,414.68,Put,350,2023-06-16,49,0.68,0.69,0.69,0.68,572,61006,+654,27.40%,"12:13 ET"
SPY,414.68,Call,413,2023-05-09,11,5.18,5.19,5.2,5.24,639,1466,+654,14.29%,"12:16 ET"
QQQ,321,Call,325,2023-05-19,21,4.01,4.02,4.03,4.07,3243,31550,+653,18.11%,"12:18 ET"
QQQ,321,Put,312,2023-05-05,7,1.11,1.12,1.13,1.1,1939,2764,+650,23.78%,"12:17 ET"
SPY,414.68,Put,403,2023-05-05,7,0.68,0.69,0.69,0.67,2330,8647,+650,18.61%,"12:17 ET"
SPY,414.68,Put,406,2023-05-04,6,0.8,0.81,0.81,0.73,820,6713,+649,17.33%,"12:13 ET"
QQQ,321,Put,317,2023-05-05,7,2.22,2.23,2.24,2.21,2797,3311,+647,22.15%,"12:18 ET"
QQQ,321,Put,312,2023-05-02,4,0.18,0.19,0.19,0.16,1135,1631,+644,18.15%,"12:12 ET"
QQQ,321,Put,315,2023-05-02,4,0.41,0.42,0.42,0.41,2242,1556,+642,16.66%,"12:18 ET"
BOIL,3.34,Call,3.5,2023-05-05,7,0.1,0.13,0.15,0.15,1606,4998,+638,118.68%,"12:13 ET"
SPY,414.68,Call,410,2023-05-05,7,6.78,6.81,6.85,6.81,1978,10108,+637,17.08%,"12:18 ET"
QQQ,321,Call,327,2023-05-02,4,0.24,0.25,0.25,0.3,610,733,+634,14.37%,"12:16 ET"
QQQ,321,Put,320,2023-05-04,6,2.91,2.92,2.93,2.86,2616,843,+626,20.57%,"12:18 ET"
BOIL,3.34,Call,3.5,2023-05-19,21,0.25,0.28,0.3,0.27,806,1469,+625,105.77%,"12:01 ET"
QQQ,321,Put,322.5,2023-05-19,21,6.22,6.23,6.24,6.15,884,657,+625,18.42%,"12:17 ET"
SPY,414.68,Call,413,2023-05-03,5,3.88,3.89,3.9,3.89,5842,3154,+625,14.97%,"12:18 ET"
SPY,414.68,Put,415,2023-05-19,21,5.2,5.21,5.22,5.19,4161,22232,+623,13.51%,"12:18 ET"
GDX,33.72,Call,33,2023-05-05,7,1.08,1.1,1.12,1.09,2097,1117,+622,36.09%,"12:16 ET"
SPXU,13.09,Call,13,2023-06-16,49,0.89,0.91,0.92,0.92,2138,12831,+618,45.10%,"12:17 ET"
SPY,414.68,Put,406,2023-05-03,5,0.59,0.6,0.6,0.59,1812,3346,+599,17.05%,"12:16 ET"
SPY,414.68,Put,380,2023-05-26,28,0.71,0.72,0.72,0.7,1006,6032,+596,21.71%,"12:17 ET"
QQQ,321,Call,330,2023-06-16,49,5.47,5.48,5.49,5.5,759,34429,+595,18.85%,"12:18 ET"
SPY,414.68,Put,411,2023-05-12,14,3.08,3.09,3.1,3.08,931,4570,+594,15.06%,"12:16 ET"
SPY,414.68,Put,399,2023-05-05,7,0.37,0.38,0.38,0.37,1697,7356,+594,19.57%,"12:18 ET"
SPY,414.68,Put,390,2023-09-15,140,9.02,9.04,9.05,8.97,703,33763,+591,20.74%,"12:14 ET"
QQQ,321,Put,315,2023-05-26,28,4.2,4.21,4.22,4.19,1872,1806,+583,20.07%,"12:17 ET"
SOXL,13.9,Put,13,2023-05-05,7,0.28,0.29,0.3,0.3,1657,4155,+582,87.04%,"12:14 ET"
SPY,414.68,Call,412,2023-05-09,11,5.85,5.86,5.87,5.87,711,1332,+581,14.61%,"12:18 ET"
IWM,175.44,Call,176,2023-06-16,49,5.05,5.06,5.07,5.17,600,1989,+579,20.10%,"12:01 ET"
SPY,414.68,Call,416,2023-05-04,6,2.58,2.59,2.6,2.62,1843,3876,+579,14.74%,"12:17 ET"
QQQ,321,Call,320,2023-05-12,14,5.61,5.63,5.64,5.79,2879,3475,+577,19.88%,"12:17 ET"
SPY,414.68,Call,414,2023-05-08,10,4.35,4.36,4.37,4.38,1743,899,+576,14.04%,"12:18 ET"
SPY,414.68,Call,414,2023-05-09,11,4.55,4.56,4.56,4.79,510,1461,+573,14.00%,"12:15 ET"
QQQ,321,Call,319,2023-05-05,7,4.88,4.9,4.91,4.88,1909,1991,+572,21.48%,"12:18 ET"
VXX,38.26,Call,85,2023-09-15,140,1.61,1.76,1.9,1.87,571,609,+571,102.88%,"10:17 ET"
ARKK,35.71,Call,45,2023-06-16,49,0.12,0.14,0.15,0.13,729,7072,+571,38.58%,"11:54 ET"
SPY,414.68,Call,409,2023-05-01,3,5.77,5.86,5.94,5.91,672,4407,+570,11.33%,"12:16 ET"
SPY,414.68,Call,418,2023-07-21,84,11.9,11.93,11.95,11.98,529,1716,+569,16.07%,"12:17 ET"
ITB,75.37,Call,74,2023-05-05,7,1.9,1.95,2,2,552,574,+569,27.81%,"12:18 ET"
SPY,414.68,Call,414,2023-05-10,12,4.91,4.92,4.93,5.16,1234,1053,+569,14.57%,"12:11 ET"
SPY,414.68,Put,395,2023-05-05,7,0.21,0.22,0.22,0.21,4074,14816,+563,20.78%,"12:17 ET"
SPY,414.68,Call,417,2023-05-08,10,2.72,2.73,2.73,2.77,795,1221,+562,13.25%,"12:18 ET"
SPY,414.68,Put,400,2023-06-30,63,5.65,5.67,5.68,5.67,1258,35261,+562,17.71%,"12:17 ET"
SPY,414.68,Call,413,2023-05-12,14,6.03,6.04,6.05,6.06,812,5210,+551,15.14%,"12:18 ET"
QQQ,321,Put,328,2023-04-28,0,7.22,7.29,7.36,8.12,1262,799,+549,24.11%,"11:09 ET"
SPY,414.68,Put,391,2023-05-19,21,0.89,0.9,0.9,0.87,3087,33180,+549,19.64%,"12:16 ET"
QQQ,321,Call,321,2023-05-01,3,1.4,1.4,1.41,1.41,18988,1760,+549,12.75%,"12:18 ET"
SPY,414.68,Call,413,2023-05-04,6,4.31,4.32,4.33,4.32,3596,6825,+545,15.65%,"12:18 ET"
UNG,6.94,Put,7,2023-05-05,7,0.27,0.28,0.29,0.28,746,2293,+544,64.79%,"12:10 ET"
SPY,414.68,Call,419,2023-05-02,4,0.4,0.41,0.41,0.41,2280,1462,+544,10.21%,"12:18 ET"
SPY,414.68,Call,411,2023-05-12,14,7.41,7.42,7.43,7.45,1952,8743,+543,15.77%,"12:17 ET"
SOXL,13.9,Call,15,2023-05-19,21,0.52,0.53,0.54,0.55,745,8103,+541,71.46%,"12:17 ET"
SPY,414.68,Call,422,2023-05-05,7,0.8,0.81,0.81,0.81,2395,6856,+539,13.74%,"12:18 ET"
SPY,414.68,Call,420,2023-05-03,5,0.82,0.83,0.83,0.82,2573,2038,+537,13.55%,"12:18 ET"
SLV,22.99,Put,22,2023-05-19,21,0.2,0.21,0.21,0.21,801,49409,+533,26.97%,"12:15 ET"
UVXY,3.61,Call,5,2023-05-19,21,0.11,0.11,0.12,0.12,810,16424,+533,136.98%,"12:18 ET"
QQQ,321,Put,312.5,2023-05-05,7,1.19,1.2,1.21,1.19,936,3551,+533,23.51%,"12:16 ET"
UVXY,3.61,Call,3,2023-05-05,7,0.6,0.62,0.64,0.62,2490,2491,+533,65.91%,"12:08 ET"
SPY,414.68,Call,412,2023-05-02,4,3.59,3.62,3.65,3.62,6739,5561,+533,11.13%,"12:18 ET"
SPY,414.68,Call,419,2023-05-01,3,0.18,0.19,0.19,0.19,8043,7271,+532,9.26%,"12:18 ET"
QQQ,321,Call,319,2023-05-09,11,5.39,5.4,5.41,5.41,748,659,+529,19.20%,"11:55 ET"
SPY,414.68,Put,400,2023-05-03,5,0.18,0.19,0.19,0.18,6764,4417,+529,18.71%,"12:18 ET"
QQQ,321,Put,320,2023-05-08,10,3.52,3.54,3.55,3.52,614,533,+528,19.07%,"12:18 ET"
IWM,175.44,Put,150,2024-06-21,420,6.54,6.6,6.65,6.61,996,42347,+526,26.22%,"10:52 ET"
IWM,175.44,Call,179,2023-06-16,49,3.45,3.46,3.47,3.5,768,6236,+522,18.89%,"12:16 ET"
KWEB,28,Call,27.5,2023-04-28,0,0.43,0.45,0.47,0.44,712,1677,+521,14.57%,"11:37 ET"
SQQQ,29.37,Call,50,2023-06-16,49,0.32,0.33,0.33,0.33,564,6420,+516,92.35%,"12:04 ET"
QQQ,321,Put,298,2023-05-19,21,0.85,0.86,0.86,0.84,586,6888,+515,24.58%,"12:05 ET"
QQQ,321,Call,322.5,2023-05-05,7,2.93,2.94,2.95,2.99,2265,1412,+515,20.48%,"12:18 ET"
IWM,175.44,Call,186,2023-05-19,21,0.21,0.22,0.22,0.23,1026,3040,+514,16.03%,"12:15 ET"
SPY,414.68,Put,405,2023-05-05,7,0.92,0.93,0.93,0.91,11605,47766,+514,18.13%,"12:17 ET"
SPXU,13.09,Call,10,2023-09-15,140,3.2,3.25,3.3,3.25,513,2013,+512,26.64%,"12:15 ET"
SPY,414.68,Put,410,2024-01-19,266,20.44,20.49,20.53,20.35,1220,11174,+512,19.21%,"12:15 ET"
SOXL,13.9,Call,14.5,2023-05-05,7,0.33,0.34,0.34,0.35,2126,2221,+511,76.11%,"12:17 ET"
QQQ,321,Call,322,2023-05-19,21,5.52,5.53,5.54,5.57,2476,17943,+508,18.78%,"12:18 ET"
SPY,414.68,Put,380,2023-08-18,112,5.75,5.77,5.78,5.78,22860,8398,+507,21.98%,"12:16 ET"
IWM,175.44,Call,175,2023-05-19,21,3.75,3.76,3.78,3.82,1091,45368,+504,20.22%,"12:16 ET"
SPY,414.68,Put,408,2023-05-04,6,1.11,1.12,1.12,1.05,1136,2337,+502,16.77%,"12:10 ET"
IWM,175.44,Put,174,2023-05-01,3,0.54,0.55,0.55,0.55,2760,1575,+502,17.90%,"12:16 ET"
QQQ,321,Call,319,2023-05-10,12,5.76,5.78,5.79,5.91,573,511,+501,19.90%,"12:17 ET"
USO,67.39,Call,67.5,2023-05-12,14,1.65,1.71,1.78,1.26,601,608,+501,33.40%,"10:43 ET"
SPY,414.68,Put,412,2023-05-26,28,4.85,4.86,4.87,4.85,664,3018,+498,14.17%,"12:17 ET"
BOIL,3.34,Put,3,2023-12-15,231,0.95,0.98,1,0.98,1010,4336,+498,123.19%,"11:57 ET"
ARKK,35.71,Call,36,2023-05-05,7,0.64,0.67,0.69,0.72,1042,1082,+498,39.74%,"12:14 ET"
QQQ,321,Put,316,2023-05-05,7,1.94,1.95,1.96,1.92,1705,2664,+498,22.47%,"12:18 ET"
GLD,184.95,Call,184,2023-05-05,7,2.23,2.25,2.27,2.24,692,809,+496,16.10%,"12:10 ET"
SPY,414.68,Put,414,2023-05-02,4,1.58,1.59,1.59,1.59,8415,551,+496,11.25%,"12:18 ET"
QQQ,321,Call,315,2023-05-05,7,7.67,7.71,7.74,7.7,1042,5071,+494,22.82%,"12:18 ET"
DPST,6.92,Call,6.5,2023-04-28,0,0.4,0.45,0.5,0.45,1062,2755,+494,109.55%,"12:18 ET"
QQQ,321,Put,319,2023-05-05,7,2.88,2.9,2.91,2.82,5524,2139,+494,21.52%,"12:17 ET"
SOXL,13.9,Put,12.5,2023-05-05,7,0.18,0.19,0.19,0.18,714,3021,+490,89.15%,"12:17 ET"
SOXL,13.9,Put,12,2023-05-05,7,0.1,0.11,0.11,0.11,1168,4357,+488,93.58%,"12:18 ET"
SPY,414.68,Call,412,2023-06-16,49,11.96,12.04,12.11,12.1,749,7206,+487,16.92%,"12:16 ET"
TQQQ,27.86,Put,26.5,2023-05-05,7,0.48,0.49,0.49,0.48,2364,2157,+486,66.93%,"12:18 ET"
TQQQ,27.86,Call,29.5,2023-05-05,7,0.3,0.31,0.31,0.32,1419,3534,+485,57.50%,"12:16 ET"
SPY,414.68,Put,415,2023-05-01,3,1.65,1.66,1.67,1.67,18946,860,+484,10.20%,"12:18 ET"
SPY,414.68,Put,407,2023-05-10,12,1.84,1.85,1.86,1.77,582,552,+483,16.31%,"12:07 ET"
TQQQ,27.86,Call,30.5,2023-05-05,7,0.13,0.14,0.14,0.14,1336,1355,+482,57.26%,"12:11 ET"
VXX,38.26,Put,38,2023-05-05,7,0.9,0.92,0.93,0.9,1299,1132,+480,49.99%,"12:17 ET"
TNA,30.13,Call,30,2023-04-28,0,0.3,0.32,0.33,0.33,1621,1690,+478,42.31%,"12:17 ET"
SPY,414.68,Call,418,2023-05-03,5,1.39,1.4,1.4,1.43,2648,2563,+477,13.85%,"12:16 ET"
SPY,414.68,Put,397,2023-05-26,28,1.94,1.94,1.95,1.93,511,1962,+476,17.94%,"12:17 ET"
UVXY,3.61,Call,3,2023-06-16,49,0.8,0.82,0.83,0.8,2182,8206,+473,85.94%,"12:13 ET"
QQQ,321,Put,317.5,2023-05-19,21,4.21,4.22,4.23,4.12,879,852,+470,19.59%,"12:00 ET"
QQQ,321,Put,321,2023-05-02,4,2.07,2.08,2.09,2.07,2221,503,+466,14.99%,"12:18 ET"
QQQ,321,Put,320,2023-05-19,21,5.12,5.13,5.14,5.13,17677,39961,+466,18.97%,"12:18 ET"
SPY,414.68,Put,350,2023-07-21,84,1.76,1.77,1.78,1.75,1631,21285,+463,25.99%,"12:12 ET"
SPY,414.68,Put,410,2023-06-30,63,8,8.02,8.03,7.89,2832,17386,+462,15.62%,"12:15 ET"
SPY,414.68,Call,423,2023-05-05,7,0.61,0.62,0.62,0.64,1872,7091,+460,13.54%,"12:17 ET"
QQQ,321,Put,316,2023-05-02,4,0.55,0.56,0.56,0.52,2101,1629,+458,16.39%,"12:17 ET"
QQQ,321,Call,321,2023-05-10,12,4.58,4.59,4.6,4.59,715,534,+455,19.39%,"12:18 ET"
SPY,414.68,Put,383,2023-06-16,49,2.3,2.3,2.31,2.25,1129,5577,+455,21.11%,"12:15 ET"
SPY,414.68,Put,411,2023-05-04,6,1.79,1.8,1.8,1.71,1342,2783,+451,15.96%,"12:15 ET"
IWM,175.44,Put,173,2023-05-01,3,0.31,0.32,0.32,0.31,2065,2332,+450,18.11%,"12:18 ET"
SPY,414.68,Put,250,2023-10-20,175,1.05,1.06,1.07,1.09,650,911,+449,40.37%,"10:38 ET"
QQQ,321,Call,323,2023-05-19,21,4.99,5,5,4.99,2014,7163,+449,18.53%,"12:18 ET"
QQQ,321,Put,307,2023-05-05,7,0.52,0.53,0.53,0.53,1177,1782,+446,25.28%,"12:18 ET"
SPY,414.68,Put,395,2023-09-15,140,10.04,10.06,10.08,9.98,679,17175,+444,20.08%,"12:15 ET"
UVXY,3.61,Put,3.5,2023-05-12,14,0.17,0.18,0.18,0.17,557,3964,+441,81.20%,"12:13 ET"
QQQ,321,Put,317,2023-05-03,5,1.55,1.56,1.56,1.45,1024,671,+441,21.03%,"12:13 ET"
QQQ,321,Put,315,2023-05-09,11,2.09,2.11,2.12,2.01,616,696,+440,20.53%,"12:13 ET"
SPY,414.68,Call,418,2023-05-04,6,1.71,1.71,1.72,1.74,2262,3588,+438,14.24%,"12:17 ET"
SPY,414.68,Put,355,2023-07-21,84,2.01,2.01,2.02,2.01,875,12122,+434,25.14%,"12:17 ET"
IWM,175.44,Call,175,2023-05-03,5,1.99,2,2.01,2.14,2299,1283,+434,21.34%,"12:12 ET"
QQQ,321,Call,320,2023-05-04,6,3.86,3.87,3.88,3.87,2678,719,+434,20.54%,"12:18 ET"
SPY,414.68,Call,422,2023-05-19,21,2.39,2.4,2.4,2.4,1529,11888,+432,12.55%,"12:18 ET"
QQQ,321,Put,325,2023-04-28,0,4.26,4.31,4.37,3.89,803,518,+429,17.06%,"12:09 ET"
SLV,22.99,Call,23.5,2023-05-05,7,0.16,0.17,0.17,0.16,2859,4911,+428,28.45%,"12:18 ET"
IWM,175.44,Call,179,2023-05-05,7,0.67,0.68,0.68,0.69,555,4112,+426,19.80%,"12:17 ET"
QQQ,321,Call,324,2023-05-02,4,0.74,0.75,0.75,0.77,2332,1060,+426,14.18%,"12:18 ET"
DPST,6.92,Call,7,2023-05-05,7,0.45,0.48,0.5,0.46,2529,1504,+424,129.28%,"12:17 ET"
TQQQ,27.86,Put,28,2023-04-28,0,0.31,0.32,0.32,0.32,2873,2112,+423,35.15%,"12:18 ET"
SPY,414.68,Put,404,2023-05-10,12,1.34,1.35,1.35,1.33,701,526,+422,17.10%,"11:51 ET"
SPY,414.68,Call,415,2023-05-10,12,4.31,4.32,4.33,4.54,1617,487,+422,14.28%,"12:15 ET"
SPY,414.68,Put,382,2023-06-16,49,2.21,2.22,2.22,2.16,568,5267,+417,21.30%,"12:14 ET"
SPY,414.68,Call,417,2023-05-03,5,1.77,1.78,1.78,1.78,3213,2367,+416,14.09%,"12:18 ET"
SPY,414.68,Put,414,2023-05-01,3,1.2,1.21,1.21,1.21,44502,738,+400,10.33%,"12:18 ET"
QQQ,321,Call,324,2023-05-05,7,2.27,2.28,2.29,2.27,950,2794,+397,20.04%,"12:18 ET"
QQQ,321,Call,319,2023-05-03,5,4.03,4.04,4.05,4.03,1718,606,+396,19.86%,"12:18 ET"
QQQ,321,Call,326,2023-05-03,5,0.97,0.98,0.99,1.11,774,556,+393,18.67%,"12:12 ET"
SLV,22.99,Call,23.5,2023-05-19,21,0.38,0.39,0.39,0.39,8012,10198,+391,27.11%,"12:17 ET"
SPY,414.68,Put,412.5,2023-05-05,7,2.59,2.59,2.6,2.56,3803,6220,+389,16.00%,"12:17 ET"
QQQ,321,Put,314,2023-05-04,6,1.16,1.17,1.18,1.17,933,1665,+387,22.40%,"12:18 ET"
SPY,414.68,Call,411,2023-05-04,6,5.66,5.69,5.72,5.59,2176,3425,+387,16.23%,"11:56 ET"
SPY,414.68,Put,408,2023-06-16,49,6.27,6.28,6.29,6.25,1097,8386,+386,15.95%,"12:16 ET"
QQQ,321,Call,322,2023-05-02,4,1.4,1.41,1.42,1.51,2129,977,+386,14.24%,"12:16 ET"
SPY,414.68,Put,405,2023-05-10,12,1.49,1.5,1.51,1.4,579,890,+384,16.85%,"12:06 ET"
TQQQ,27.86,Put,28,2023-05-05,7,1.05,1.06,1.06,1.04,1044,1272,+382,62.28%,"12:17 ET"
SPY,414.68,Call,417,2023-05-02,4,0.88,0.89,0.89,0.89,4551,1586,+382,10.28%,"12:18 ET"
SPY,414.68,Put,402,2023-06-16,49,4.93,4.94,4.94,4.85,825,26936,+381,17.31%,"12:15 ET"
SPY,414.68,Put,412,2023-05-04,6,2.09,2.09,2.1,2.05,3623,6379,+380,15.71%,"12:17 ET"
QQQ,321,Put,323,2023-04-28,0,2.38,2.42,2.46,2.43,3734,668,+380,13.83%,"12:18 ET"
SPY,414.68,Put,408,2023-05-10,12,2.05,2.05,2.06,2.04,557,570,+379,16.04%,"11:52 ET"
SPY,414.68,Put,412,2023-05-01,3,0.61,0.62,0.62,0.62,64918,4348,+377,10.94%,"12:18 ET"
QQQ,321,Put,319,2023-05-04,6,2.52,2.53,2.54,2.49,942,425,+375,20.87%,"12:17 ET"
SPY,414.68,Call,430,2023-05-26,28,0.96,0.97,0.97,0.97,1480,5709,+375,11.43%,"12:18 ET"
QQQ,321,Put,317,2023-05-19,21,4.05,4.06,4.07,4.02,694,6952,+373,19.73%,"12:17 ET"
SPY,414.68,Call,414,2023-06-16,49,10.64,10.66,10.67,10.67,1214,7515,+373,16.30%,"12:18 ET"
QQQ,321,Call,335,2023-05-05,7,0.19,0.2,0.2,0.22,1346,3582,+370,19.09%,"12:13 ET"
QQQ,321,Call,324,2023-05-01,3,0.43,0.44,0.44,0.44,4185,1108,+370,13.05%,"12:18 ET"
SPY,414.68,Call,416,2023-05-10,12,3.76,3.76,3.77,3.79,732,413,+369,14.03%,"12:16 ET"
QQQ,321,Call,316,2023-04-28,0,4.69,4.75,4.8,4.78,1173,5796,+365,13.75%,"12:18 ET"
QQQ,321,Call,320,2023-05-08,10,4.55,4.56,4.58,4.62,898,623,+362,18.84%,"12:18 ET"
SPY,414.68,Put,402,2023-05-10,12,1.08,1.09,1.09,1.07,691,505,+361,17.61%,"12:16 ET"
VXX,38.26,Call,55,2023-06-16,49,1.21,1.26,1.3,1.29,600,4893,+359,96.08%,"11:27 ET"
QQQ,321,Put,314,2023-05-08,10,1.69,1.7,1.71,1.65,544,444,+355,20.78%,"12:17 ET"
IWM,175.44,Call,180,2023-05-05,7,0.44,0.45,0.45,0.46,1298,2579,+355,19.38%,"12:18 ET"
QQQ,321,Call,318,2023-05-02,4,3.73,3.76,3.8,3.84,853,1586,+352,14.94%,"11:49 ET"
IWM,175.44,Put,164,2023-05-19,21,0.63,0.64,0.65,0.62,2465,35715,+351,25.12%,"12:14 ET"
XLF,33.12,Put,29,2023-12-15,231,0.87,0.89,0.9,0.92,574,818,+350,26.27%,"10:26 ET"
QQQ,321,Call,326,2023-05-19,21,3.57,3.58,3.59,3.59,2184,3429,+350,17.93%,"12:18 ET"
SPY,414.68,Put,365,2023-08-18,112,4.01,4.02,4.03,4.03,1656,5302,+349,24.07%,"12:17 ET"
QQQ,321,Call,325,2023-05-05,7,1.89,1.9,1.91,1.89,2207,11461,+347,19.81%,"12:18 ET"
SPY,414.68,Call,424,2023-05-05,7,0.47,0.48,0.48,0.51,1439,5399,+346,13.50%,"12:16 ET"
SPY,414.68,Put,413,2023-05-01,3,0.86,0.87,0.87,0.87,57091,2508,+346,10.61%,"12:18 ET"
SPY,414.68,Put,385,2023-05-12,14,0.28,0.29,0.29,0.29,654,10221,+344,22.15%,"11:44 ET"
SPY,414.68,Call,421,2023-05-03,5,0.61,0.62,0.62,0.62,1493,1116,+344,13.50%,"12:18 ET"
QQQ,321,Put,314,2023-05-03,5,0.88,0.89,0.89,0.8,911,1030,+341,21.81%,"12:07 ET"
SPY,414.68,Call,409,2023-05-04,6,7.17,7.21,7.25,7.58,1000,3194,+338,16.83%,"12:11 ET"
SPY,414.68,Call,415,2023-06-30,63,11.18,11.2,11.21,11.46,695,8508,+336,15.68%,"12:14 ET"
QQQ,321,Put,321,2023-05-03,5,3.04,3.05,3.06,3.06,1808,601,+333,20.13%,"12:18 ET"
SPY,414.68,Call,425,2023-06-09,42,3.58,3.59,3.6,3.6,1875,331,+331,13.05%,"12:17 ET"
SPY,414.68,Put,413,2023-05-04,6,2.42,2.43,2.43,2.42,2160,7549,+331,15.37%,"12:18 ET"
QQQ,321,Put,309,2023-05-05,7,0.71,0.72,0.72,0.66,578,4387,+329,24.64%,"12:15 ET"
SPXS,17.18,Call,17,2023-05-05,7,0.52,0.54,0.55,0.51,520,515,+328,45.74%,"12:15 ET"
QQQ,321,Put,315,2023-05-04,6,1.37,1.38,1.38,1.37,810,760,+327,22.06%,"12:18 ET"
IWM,175.44,Put,172,2023-05-12,14,1.51,1.52,1.53,1.53,852,1267,+327,22.07%,"11:55 ET"
QQQ,321,Call,326,2023-05-02,4,0.36,0.37,0.37,0.39,874,538,+327,14.32%,"12:17 ET"
SPY,414.68,Put,412,2023-05-08,10,2.65,2.66,2.66,2.51,828,378,+326,14.52%,"12:12 ET"
SOXL,13.9,Call,12.5,2023-05-05,7,1.53,1.55,1.56,1.55,653,467,+324,88.30%,"12:03 ET"
UPRO,39.59,Call,44,2023-06-16,49,0.65,0.68,0.7,0.65,1035,622,+323,35.11%,"11:58 ET"
SPY,414.68,Call,423,2023-05-03,5,0.33,0.34,0.34,0.33,595,669,+321,13.34%,"12:16 ET"
SPY,414.68,Call,424,2023-05-12,14,1.11,1.12,1.12,1.19,773,2193,+321,12.55%,"12:15 ET"
QQQ,321,Call,321,2023-05-04,6,3.3,3.31,3.32,3.35,1469,469,+319,20.27%,"12:18 ET"
LABU,5.54,Call,4,2023-05-19,21,1.61,1.62,1.62,1.56,611,7810,+317,96.24%,"10:54 ET"
QQQ,321,Call,328,2023-06-16,49,6.38,6.4,6.41,6.48,582,3147,+316,19.27%,"11:58 ET"
UVXY,3.61,Call,3,2023-05-19,21,0.63,0.65,0.66,0.65,628,3878,+315,64.15%,"12:11 ET"
QQQ,321,Call,330,2023-05-11,13,1.28,1.29,1.3,1.42,602,313,+313,17.70%,"12:09 ET"
SPY,414.68,Call,411,2023-05-03,5,5.23,5.26,5.29,5.47,3091,2368,+313,15.42%,"12:09 ET"
SPY,414.68,Put,410,2023-06-02,35,4.94,4.95,4.96,4.93,741,1466,+310,14.31%,"12:18 ET"
SPY,414.68,Put,398,2023-05-05,7,0.32,0.33,0.33,0.3,1512,6712,+310,19.93%,"12:14 ET"
SPY,414.68,Call,427,2023-05-26,28,1.56,1.57,1.58,1.67,679,2259,+309,11.75%,"12:12 ET"
TLT,106.39,Call,105.5,2023-05-05,7,1.4,1.43,1.46,1.43,543,650,+308,14.78%,"12:03 ET"
SPY,414.68,Call,425,2023-06-02,35,2.83,2.84,2.84,2.99,1091,2577,+308,12.67%,"12:13 ET"
SPY,414.68,Call,411,2023-05-26,28,9.67,9.68,9.69,9.7,638,2588,+307,15.62%,"12:18 ET"
UVXY,3.61,Call,4.5,2023-05-19,21,0.16,0.17,0.17,0.16,605,1323,+306,123.15%,"12:06 ET"
QQQ,321,Put,323,2023-05-05,7,4.71,4.73,4.76,4.45,814,1254,+306,20.42%,"12:07 ET"
XLF,33.12,Call,34,2023-06-16,49,0.52,0.53,0.54,0.53,847,59715,+303,18.16%,"12:17 ET"
QQQ,321,Call,323,2023-05-03,5,1.95,1.96,1.97,1.96,1190,421,+301,19.14%,"12:18 ET"
QQQ,321,Put,321,2023-05-10,12,4.46,4.48,4.49,4.41,585,305,+300,19.57%,"11:59 ET"
SPY,414.68,Call,427,2023-06-16,49,3.63,3.65,3.66,3.62,800,6519,+300,13.17%,"11:58 ET"
QQQ,321,Call,321,2023-05-02,4,1.86,1.87,1.88,1.96,5202,821,+299,14.34%,"12:17 ET"
SPY,414.68,Call,423,2023-05-12,14,1.35,1.36,1.36,1.46,705,3131,+297,12.69%,"12:15 ET"
KRE,42.91,Call,44,2023-05-19,21,1.08,1.1,1.12,1.21,1032,13044,+297,39.59%,"12:11 ET"
QQQ,321,Put,322,2023-06-16,49,8.84,8.85,8.86,8.85,1383,4565,+293,18.59%,"12:18 ET"
SPXU,13.09,Call,13.5,2023-05-05,7,0.19,0.2,0.21,0.2,572,927,+290,49.88%,"12:14 ET"
SPY,414.68,Call,412,2023-05-08,10,5.65,5.66,5.66,5.79,861,923,+290,14.58%,"12:16 ET"
QQQ,321,Put,280,2023-05-19,21,0.2,0.21,0.21,0.21,3074,64382,+289,29.63%,"12:16 ET"
IWM,175.44,Put,166,2023-05-19,21,0.84,0.85,0.85,0.84,597,35764,+288,24.04%,"12:17 ET"
SPY,414.68,Call,420,2023-05-04,6,1.05,1.06,1.06,1.05,1189,2346,+288,13.74%,"12:18 ET"
SPY,414.68,Put,398,2023-05-03,5,0.13,0.14,0.14,0.13,663,2860,+287,19.54%,"11:57 ET"
QQQ,321,Put,270,2023-06-16,49,0.74,0.75,0.76,0.75,586,94297,+286,29.97%,"12:09 ET"
QQQ,321,Put,322,2023-05-19,21,5.98,5.99,6,5.9,965,14606,+283,18.51%,"12:17 ET"
QQQ,321,Call,323,2023-06-16,49,9.02,9.03,9.04,9.41,1437,5102,+283,20.39%,"12:06 ET"
SPY,414.68,Put,340,2023-06-30,63,0.78,0.79,0.79,0.78,586,49263,+282,28.30%,"12:08 ET"
QQQ,321,Put,308,2023-05-03,5,0.26,0.27,0.27,0.26,1114,1528,+281,23.57%,"11:58 ET"
XLE,85.25,Put,85,2023-06-16,49,2.73,2.76,2.79,2.79,1061,8054,+278,23.67%,"12:16 ET"
SPY,414.68,Put,414,2023-05-05,7,3.14,3.15,3.15,3.15,10227,12222,+278,15.57%,"12:18 ET"
QQQ,321,Call,325,2023-05-03,5,1.25,1.26,1.26,1.25,7476,490,+277,18.78%,"12:18 ET"
SPY,414.68,Call,415,2023-07-21,84,13.82,13.84,13.86,13.93,1099,17267,+275,16.67%,"12:17 ET"
SPY,414.68,Put,393,2023-06-16,49,3.44,3.45,3.45,3.44,521,9360,+274,19.19%,"12:17 ET"
SPY,414.68,Call,423,2023-05-04,6,0.45,0.46,0.46,0.47,563,1573,+273,13.33%,"12:17 ET"
SPY,414.68,Put,402,2023-05-12,14,1.32,1.33,1.34,1.25,655,3132,+273,17.58%,"12:08 ET"
SOXL,13.9,Put,13.5,2023-05-05,7,0.46,0.46,0.47,0.45,1307,2346,+273,84.06%,"12:17 ET"
SPY,414.68,Call,425,2023-05-26,28,2.12,2.13,2.13,2.17,978,3602,+272,12.06%,"12:16 ET"
SQQQ,29.37,Call,28,2023-04-28,0,1.4,1.44,1.48,1.59,566,883,+270,66.67%,"11:31 ET"
TQQQ,27.86,Call,27,2023-05-12,14,1.73,1.75,1.77,1.83,807,4012,+270,60.33%,"12:15 ET"
SPY,414.68,Put,403,2023-05-26,28,2.79,2.8,2.81,2.72,710,1798,+266,16.53%,"12:11 ET"
SOXL,13.9,Call,15,2023-06-16,49,1.13,1.15,1.16,1.15,661,491,+261,78.00%,"12:11 ET"
QQQ,321,Call,329,2023-05-19,21,2.44,2.45,2.46,2.44,871,2270,+261,17.29%,"12:18 ET"
SLV,22.99,Call,23,2023-05-05,7,0.34,0.35,0.35,0.34,1087,2623,+261,27.92%,"12:17 ET"
VIXY,7.68,Call,8,2023-05-05,7,0.13,0.14,0.15,0.14,658,620,+259,61.01%,"12:13 ET"
SPY,414.68,Put,412.5,2023-05-12,14,3.54,3.55,3.56,3.38,1364,1588,+259,14.65%,"12:06 ET"
SPY,414.68,Call,438,2023-06-16,49,1,1.01,1.01,1.05,585,3421,+257,11.80%,"12:13 ET"
QQQ,321,Put,318,2023-05-08,10,2.78,2.79,2.8,2.68,6683,268,+257,19.67%,"12:09 ET"
IWM,175.44,Put,173,2023-05-05,7,1.19,1.2,1.21,1.13,735,2516,+255,23.22%,"12:14 ET"
IWM,175.44,Put,160,2023-06-30,63,1.75,1.76,1.77,1.73,1044,14084,+255,25.33%,"12:14 ET"
SPY,414.68,Call,422,2023-05-04,6,0.61,0.62,0.62,0.63,540,1287,+253,13.47%,"12:16 ET"
QQQ,321,Put,311,2023-05-04,6,0.7,0.71,0.72,0.66,1000,505,+253,23.33%,"12:14 ET"
SPY,414.68,Put,413,2023-05-12,14,3.72,3.73,3.73,3.72,2012,3183,+252,14.51%,"12:18 ET"
SPY,414.68,Put,399,2023-05-03,5,0.15,0.16,0.16,0.16,3606,2356,+252,19.30%,"12:17 ET"
SPY,414.68,Put,394,2023-05-05,7,0.18,0.19,0.19,0.19,641,10939,+251,21.24%,"12:16 ET"
KRE,42.91,Call,43,2023-05-05,7,0.92,0.97,1.01,1.04,970,1685,+251,45.83%,"12:06 ET"
VXX,38.26,Put,36,2023-05-05,7,0.11,0.13,0.15,0.13,678,608,+250,39.70%,"12:17 ET"
QQQ,321,Put,300,2023-06-02,35,1.95,1.96,1.98,1.96,731,1330,+250,23.10%,"12:16 ET"
SPY,414.68,Call,432,2023-05-19,21,0.39,0.4,0.4,0.4,1974,7478,+250,11.43%,"12:16 ET"
ARKK,35.71,Call,40,2023-06-16,49,0.66,0.68,0.7,0.69,1546,10410,+249,38.98%,"12:15 ET"
DPST,6.92,Call,6.5,2023-05-05,7,0.7,0.77,0.85,0.75,964,648,+248,137.70%,"11:18 ET"
SPY,414.68,Call,416,2023-05-12,14,4.21,4.22,4.22,4.3,503,2643,+247,14.27%,"12:17 ET"
TQQQ,27.86,Put,25,2023-05-12,14,0.4,0.41,0.41,0.4,711,1339,+247,66.89%,"12:09 ET"
SPY,414.68,Call,414,2023-05-04,6,3.68,3.69,3.7,3.74,2460,5080,+245,15.32%,"12:18 ET"
SPY,414.68,Put,395,2023-07-21,84,6.28,6.29,6.3,6.21,870,32860,+244,18.73%,"12:15 ET"
TQQQ,27.86,Put,20,2023-06-16,49,0.4,0.41,0.42,0.41,2553,18026,+244,78.32%,"12:05 ET"
SPY,414.68,Call,415,2023-05-04,6,3.11,3.12,3.12,3.12,3110,3827,+244,15.05%,"12:18 ET"
QQQ,321,Put,317,2023-05-12,14,3.27,3.29,3.3,3.23,3609,2257,+243,20.54%,"12:17 ET"
SPY,414.68,Put,403,2023-05-04,6,0.47,0.48,0.48,0.46,501,3750,+238,18.03%,"12:03 ET"
FAS,62.12,Call,60,2023-04-28,0,2,2.1,2.2,1.8,612,563,+238,29.73%,"11:37 ET"
SPY,414.68,Call,426,2023-05-19,21,1.23,1.23,1.24,1.29,899,12912,+237,11.87%,"12:09 ET"
SPY,414.68,Call,415,2023-05-09,11,3.95,3.96,3.97,4.02,967,727,+237,13.73%,"12:17 ET"
XLE,85.25,Call,90,2023-06-16,49,1.31,1.34,1.36,1.36,1611,16582,+235,24.83%,"12:01 ET"
SPY,414.68,Put,387,2023-06-16,49,2.7,2.71,2.71,2.71,1599,11683,+233,20.37%,"12:18 ET"
SPY,414.68,Call,420,2023-05-10,12,1.96,1.96,1.97,1.97,754,432,+231,13.10%,"12:18 ET"
SPY,414.68,Put,410,2024-06-21,420,26,26.16,26.32,26.11,1126,11028,+231,19.63%,"11:51 ET"
QQQ,321,Put,313,2023-05-03,5,0.72,0.73,0.73,0.68,3525,3320,+230,22.07%,"12:15 ET"
SPY,414.68,Put,418,2023-04-28,0,3.41,3.47,3.53,3.43,1268,323,+229,10.93%,"12:17 ET"
QQQ,321,Call,324,2023-05-19,21,4.48,4.49,4.5,4.55,1973,3219,+229,18.32%,"12:18 ET"
SLV,22.99,Call,25,2023-06-16,49,0.33,0.34,0.34,0.33,5112,42293,+229,29.17%,"12:13 ET"
SPY,414.68,Put,400,2023-09-15,140,11.18,11.2,11.21,11.07,944,102470,+228,19.40%,"12:15 ET"
IWM,175.44,Call,176,2023-04-28,0,0.26,0.27,0.27,0.26,25427,3203,+228,13.59%,"12:18 ET"
VXX,38.26,Put,39,2023-04-28,0,0.69,0.74,0.79,0.7,761,1861,+227,40.05%,"12:17 ET"
QQQ,321,Call,321,2023-06-16,49,10.2,10.22,10.23,10.21,519,6034,+224,20.86%,"12:18 ET"
SPY,414.68,Put,407,2023-05-19,21,2.87,2.88,2.88,2.86,3611,17989,+222,15.69%,"12:18 ET"
QQQ,321,Call,324,2023-06-16,49,8.45,8.47,8.48,8.63,711,7213,+221,20.16%,"12:16 ET"
TNA,30.13,Call,31,2023-05-05,7,0.65,0.68,0.7,0.7,578,444,+219,63.63%,"12:15 ET"
DPST,6.92,Call,7.5,2023-05-05,7,0.25,0.28,0.3,0.3,1874,1540,+217,135.65%,"12:17 ET"
QQQ,321,Call,322,2023-05-10,12,4.04,4.05,4.06,4.16,590,253,+214,19.13%,"11:53 ET"
IWM,175.44,Call,178,2023-05-19,21,2.13,2.15,2.16,2.15,769,33605,+214,18.66%,"12:16 ET"
SQQQ,29.37,Call,33,2023-05-05,7,0.21,0.22,0.22,0.21,790,2329,+214,73.29%,"12:12 ET"
IWM,175.44,Put,150,2023-06-30,63,0.85,0.87,0.88,0.86,806,13366,+212,29.14%,"12:00 ET"
SQQQ,29.37,Call,29,2023-06-16,49,2.79,2.82,2.84,2.75,612,1055,+210,59.80%,"12:14 ET"
SPY,414.68,Put,400,2023-05-08,10,0.57,0.58,0.58,0.56,720,740,+210,17.52%,"12:16 ET"
SPY,414.68,Call,413,2023-06-16,49,11.32,11.34,11.35,11.34,865,6816,+209,16.55%,"12:18 ET"
BITO,17.32,Call,18,2023-05-05,7,0.13,0.15,0.17,0.16,683,1440,+208,42.41%,"12:15 ET"
QQQ,321,Put,298,2023-05-05,7,0.14,0.15,0.15,0.15,966,1765,+208,28.80%,"12:18 ET"
SPY,414.68,Call,411,2023-05-11,13,7.2,7.22,7.23,7.23,1000,208,+208,15.80%,"12:18 ET"
SPY,414.68,Call,420,2023-05-11,13,2.16,2.17,2.18,2.25,925,207,+207,13.26%,"12:17 ET"
IWM,175.44,Call,179,2023-05-19,21,1.7,1.71,1.72,1.73,561,10210,+205,18.11%,"12:17 ET"
SPY,414.68,Call,425,2023-07-21,84,7.92,7.94,7.96,8,1707,25401,+205,14.69%,"12:00 ET"
SPY,414.68,Put,375,2023-05-12,14,0.15,0.16,0.16,0.15,652,3760,+204,25.45%,"12:01 ET"
LABU,5.54,Call,5,2023-05-05,7,0.64,0.65,0.66,0.63,2624,4179,+204,93.90%,"12:11 ET"
SPY,414.68,Call,416,2023-05-03,5,2.21,2.22,2.23,2.25,3794,3327,+203,14.30%,"12:18 ET"
SPY,414.68,Call,419,2023-05-04,6,1.35,1.36,1.36,1.51,1210,2229,+201,13.98%,"12:08 ET"
TNA,30.13,Call,29,2023-04-28,0,1.11,1.13,1.15,1.14,858,1697,+200,45.85%,"12:18 ET"
SPY,414.68,Call,419,2023-05-03,5,1.08,1.09,1.09,1.12,1327,1285,+200,13.73%,"12:17 ET"
QQQ,321,Call,319,2023-05-01,3,2.58,2.61,2.63,2.66,3288,1371,+200,12.93%,"12:18 ET"
SPY,414.68,Call,415,2023-05-08,10,3.76,3.77,3.78,3.78,1451,1079,+197,13.81%,"12:18 ET"
LABU,5.54,Call,5.5,2023-06-02,35,0.6,0.61,0.62,0.59,591,724,+194,83.18%,"11:34 ET"
QQQ,321,Put,322,2023-05-05,7,4.18,4.2,4.21,4.21,776,1263,+194,20.69%,"12:18 ET"
SPY,414.68,Put,413,2023-05-08,10,2.98,2.99,3,2.98,1690,249,+194,14.21%,"12:17 ET"
QQQ,321,Call,322,2023-05-04,6,2.78,2.79,2.8,2.85,1444,517,+192,19.96%,"12:18 ET"
SPY,414.68,Call,420,2023-05-09,11,1.67,1.67,1.68,1.72,632,1157,+191,12.56%,"12:16 ET"
TLT,106.39,Call,110,2023-06-16,49,1.31,1.32,1.33,1.31,625,18361,+190,17.13%,"12:12 ET"
SQQQ,29.37,Call,35,2023-06-16,49,1.28,1.3,1.32,1.29,890,9820,+188,71.23%,"12:14 ET"
QQQ,321,Put,312,2023-05-03,5,0.59,0.6,0.6,0.54,5655,4423,+186,22.37%,"12:14 ET"
QQQ,321,Call,327,2023-05-03,5,0.75,0.76,0.77,0.87,851,375,+185,18.59%,"12:13 ET"
UVXY,3.61,Call,4.5,2023-05-26,28,0.2,0.21,0.22,0.22,595,2582,+183,123.61%,"12:17 ET"
IWM,175.44,Put,175,2023-06-16,49,4.66,4.67,4.68,4.67,1098,111724,+183,19.76%,"12:17 ET"
SPY,414.68,Call,422,2023-05-03,5,0.45,0.46,0.46,0.46,988,1064,+182,13.45%,"12:16 ET"
SPY,414.68,Call,413,2023-05-08,10,4.98,4.99,5,5.03,1183,853,+182,14.32%,"12:16 ET"
SPY,414.68,Call,418,2023-05-26,28,5.16,5.17,5.18,5.39,524,2804,+181,13.64%,"12:11 ET"
QQQ,321,Put,240,2023-06-16,49,0.21,0.22,0.22,0.21,919,325045,+180,37.18%,"12:18 ET"
QQQ,321,Call,319,2023-05-19,21,7.29,7.3,7.31,7.46,2339,10915,+179,19.50%,"12:17 ET"
QQQ,321,Call,318,2023-05-04,6,5.11,5.13,5.15,5.59,567,448,+178,21.10%,"12:08 ET"
QQQ,321,Put,305,2023-05-05,7,0.38,0.39,0.4,0.39,3533,33654,+178,25.91%,"12:17 ET"
QQQ,321,Call,322,2023-05-05,7,3.17,3.19,3.2,3.31,7694,6803,+178,20.63%,"12:17 ET"
SPY,414.68,Call,420,2023-05-26,28,4.12,4.14,4.15,4.31,845,3930,+174,13.14%,"12:15 ET"
KRE,42.91,Call,43,2023-04-28,0,0.13,0.15,0.16,0.15,2350,6597,+174,29.14%,"12:17 ET"
IWM,175.44,Call,175,2023-05-01,3,1.27,1.28,1.29,1.32,2726,735,+174,16.35%,"12:17 ET"
GLD,184.95,Call,195,2023-06-16,49,1.54,1.56,1.57,1.54,2582,81079,+173,17.35%,"12:15 ET"
QQQ,321,Call,320,2023-05-03,5,3.43,3.44,3.45,3.57,3063,9702,+172,19.73%,"12:17 ET"
QQQ,321,Call,319,2023-06-16,49,11.46,11.48,11.49,11.69,683,8067,+170,21.37%,"12:00 ET"
SQQQ,29.37,Put,30.5,2023-04-28,0,1.05,1.08,1.1,1.18,631,2848,+166,45.85%,"12:10 ET"
SLV,22.99,Put,22.5,2023-05-05,7,0.15,0.16,0.16,0.16,1790,1305,+166,27.49%,"12:16 ET"
QQQ,321,Call,332,2023-05-12,14,1,1.01,1.02,1.12,5083,895,+165,17.53%,"12:10 ET"
IWM,175.44,Put,175,2023-05-01,3,0.88,0.89,0.89,0.88,3538,2326,+164,17.22%,"12:18 ET"
QQQ,321,Put,316,2023-05-19,21,3.74,3.75,3.76,3.65,759,25418,+163,19.98%,"12:10 ET"
QQQ,321,Call,326,2023-05-08,10,1.79,1.8,1.81,1.88,720,180,+162,17.55%,"12:17 ET"
IWM,175.44,Call,177,2023-05-03,5,1,1.01,1.02,1.09,536,812,+161,20.15%,"12:14 ET"
SPY,414.68,Put,404,2023-05-04,6,0.56,0.57,0.57,0.52,779,5945,+161,17.77%,"12:06 ET"
SPY,414.68,Call,460,2024-03-28,335,11.66,11.88,12.1,11.67,569,168,+159,14.73%,"11:27 ET"
QQQ,321,Call,317.5,2023-05-19,21,8.26,8.27,8.29,8.27,714,1753,+159,19.87%,"12:18 ET"
QQQ,321,Put,325,2023-05-01,3,4.44,4.51,4.58,4.13,1033,179,+159,14.14%,"12:14 ET"
QQQ,321,Put,317.5,2023-05-05,7,2.38,2.39,2.39,2.26,702,1205,+158,22.00%,"12:12 ET"
QQQ,321,Put,318,2023-05-04,6,2.17,2.18,2.19,2.07,1075,186,+158,21.15%,"12:09 ET"
DIA,340.23,Call,340,2023-05-05,7,2.92,2.94,2.96,2.97,770,797,+157,14.56%,"12:18 ET"
LABU,5.54,Call,5.5,2023-05-12,14,0.4,0.41,0.42,0.4,967,2495,+155,83.34%,"12:16 ET"
SPY,414.68,Put,400,2023-12-15,231,16.12,16.15,16.18,16,1045,37265,+154,20.16%,"12:07 ET"
SPY,414.68,Call,435,2023-07-21,84,3.76,3.77,3.78,3.87,578,15265,+150,13.04%,"12:15 ET"
XLF,33.12,Call,35,2023-06-16,49,0.2,0.21,0.21,0.2,804,83703,+150,16.26%,"12:13 ET"
SPY,414.68,Call,416,2023-05-09,11,3.4,3.41,3.42,3.46,845,860,+149,13.47%,"12:16 ET"
SPY,414.68,Call,416,2023-07-21,84,13.17,13.2,13.22,13.27,1391,1215,+149,16.48%,"12:17 ET"
TQQQ,27.86,Put,27,2023-05-12,14,0.91,0.92,0.93,0.9,1445,763,+147,60.52%,"12:17 ET"
SQQQ,29.37,Call,31,2023-05-19,21,1.09,1.11,1.13,1.11,1612,6208,+144,60.84%,"12:17 ET"
SPY,414.68,Put,406,2023-05-12,14,1.93,1.94,1.95,1.93,4876,4636,+144,16.47%,"12:18 ET"
SQQQ,29.37,Call,29.5,2023-05-12,14,1.35,1.36,1.37,1.3,520,319,+143,59.45%,"12:15 ET"
SPY,414.68,Call,419,2023-05-10,12,2.34,2.35,2.36,2.52,522,173,+142,13.30%,"12:10 ET"
SPY,414.68,Call,417,2023-05-10,12,3.24,3.25,3.26,3.45,1022,174,+141,13.77%,"12:14 ET"
SPY,414.68,Call,425,2023-06-16,49,4.44,4.46,4.47,4.5,1564,40877,+141,13.57%,"12:17 ET"
XBI,80.04,Call,85,2023-06-16,49,1.46,1.49,1.52,1.5,578,10510,+140,27.04%,"12:18 ET"
IWM,175.44,Call,178,2023-05-05,7,0.98,0.99,0.99,1.07,707,2761,+140,20.32%,"12:13 ET"
IWM,175.44,Call,215,2023-11-17,203,0.62,0.65,0.68,0.65,9385,163,+137,16.26%,"12:16 ET"
SLV,22.99,Put,23,2023-05-05,7,0.36,0.37,0.37,0.37,538,1230,+136,27.90%,"12:16 ET"
QQQ,321,Put,310,2023-05-02,4,0.11,0.11,0.12,0.12,591,1268,+136,19.49%,"12:16 ET"
QQQ,321,Put,311,2023-05-05,7,0.96,0.97,0.97,0.95,3669,1990,+136,24.05%,"12:16 ET"
TLT,106.39,Call,107,2023-05-05,7,0.67,0.68,0.69,0.66,1167,3910,+135,15.67%,"12:09 ET"
IWM,175.44,Call,178,2023-06-16,49,3.95,3.96,3.97,3.97,505,13263,+133,19.33%,"11:36 ET"
QQQ,321,Put,319,2023-06-16,49,7.68,7.69,7.7,7.68,757,3440,+133,19.25%,"12:18 ET"
EWZ,28.2,Call,28,2023-05-19,21,0.95,0.96,0.97,0.91,1225,55926,+133,34.06%,"12:09 ET"
KRE,42.91,Call,44,2023-05-05,7,0.53,0.56,0.59,0.55,642,1064,+132,44.23%,"12:18 ET"
SPY,414.68,Put,390,2023-05-26,28,1.26,1.27,1.27,1.23,948,8682,+132,19.46%,"12:15 ET"
LABU,5.54,Put,5.5,2023-05-05,7,0.24,0.25,0.25,0.24,827,1980,+131,89.95%,"12:18 ET"
SPY,414.68,Call,435,2023-06-16,49,1.46,1.46,1.47,1.51,1059,41845,+131,12.05%,"12:16 ET"
SPXU,13.09,Call,13,2023-05-12,14,0.46,0.48,0.49,0.46,745,556,+130,39.70%,"12:08 ET"
QQQ,321,Call,330,2023-05-08,10,0.81,0.82,0.83,0.94,502,220,+128,17.10%,"12:14 ET"
SPY,414.68,Put,402,2023-05-05,7,0.58,0.59,0.59,0.58,1575,8533,+128,18.77%,"12:16 ET"
SPY,414.68,Call,418,2023-05-02,4,0.61,0.62,0.62,0.62,4489,2151,+128,10.28%,"12:18 ET"
SPY,414.68,Call,425,2023-05-05,7,0.35,0.36,0.36,0.35,2188,31795,+126,13.33%,"12:18 ET"
KRE,42.91,Put,43,2023-05-05,7,1.09,1.15,1.2,1.1,1120,485,+124,41.00%,"12:14 ET"
QQQ,321,Call,327,2023-05-05,7,1.28,1.29,1.29,1.36,2237,2840,+122,19.53%,"12:16 ET"
TQQQ,27.86,Call,40,2023-09-15,140,0.58,0.6,0.61,0.61,1944,8264,+120,48.73%,"12:05 ET"
QQQ,321,Call,337,2023-06-16,49,2.95,2.96,2.97,3.15,935,2795,+119,17.59%,"12:06 ET"
SPY,414.68,Put,375,2023-06-30,63,2.37,2.38,2.38,2.31,16071,41576,+119,22.17%,"12:08 ET"
SPY,414.68,Put,409,2023-05-08,10,1.84,1.85,1.86,1.75,552,409,+118,15.35%,"12:11 ET"
LABU,5.54,Call,5,2023-04-28,0,0.55,0.57,0.58,0.56,6056,6148,+118,139.15%,"12:11 ET"
QQQ,321,Put,314,2023-05-19,21,3.19,3.2,3.21,3.11,643,7344,+117,20.50%,"12:16 ET"
SPY,414.68,Put,417,2023-04-28,0,2.48,2.51,2.55,2.54,2764,122,+116,10.89%,"12:18 ET"
SPY,414.68,Put,413,2023-05-02,4,1.22,1.23,1.23,1.23,15273,1868,+116,11.51%,"12:18 ET"
SPY,414.68,Put,390,2023-06-30,63,4,4.01,4.01,3.94,883,22859,+115,19.59%,"12:14 ET"
SPY,414.68,Call,417,2023-05-26,28,5.73,5.74,5.75,5.84,1029,2887,+115,13.91%,"12:00 ET"
SPXS,17.18,Call,19,2023-05-12,14,0.18,0.19,0.2,0.2,3299,407,+113,56.34%,"11:35 ET"
SPY,414.68,Call,417,2023-05-04,6,2.12,2.13,2.13,2.13,2158,2933,+112,14.51%,"12:18 ET"
TLT,106.39,Call,130,2023-10-20,175,0.56,0.58,0.6,0.59,81651,35832,+112,19.62%,"12:12 ET"
SPY,414.68,Put,400,2023-09-29,154,12.15,12.18,12.21,12.14,827,5255,+110,19.69%,"11:56 ET"
UVXY,3.61,Call,5,2023-05-26,28,0.15,0.16,0.17,0.17,1071,2680,+110,134.89%,"11:51 ET"
IWM,175.44,Put,172,2023-05-08,10,1.07,1.08,1.09,1.11,3909,330,+110,21.44%,"11:47 ET"
QQQ,321,Put,325,2023-06-16,49,10.17,10.18,10.2,10.16,706,13435,+109,17.93%,"12:18 ET"
SPY,414.68,Put,411,2023-06-02,35,5.21,5.22,5.22,5.11,1686,1018,+109,14.03%,"12:14 ET"
SPY,414.68,Put,414,2023-05-19,21,4.82,4.83,4.84,4.83,2459,11089,+109,13.78%,"12:18 ET"
SPY,414.68,Call,413,2023-05-11,13,5.83,5.84,5.85,5.71,517,108,+108,15.13%,"11:55 ET"
DIA,340.23,Put,338,2023-04-28,0,0.13,0.14,0.15,0.14,527,784,+108,11.55%,"12:16 ET"
IWM,175.44,Call,176,2023-05-01,3,0.76,0.77,0.77,0.8,4025,979,+108,15.95%,"12:17 ET"
QQQ,321,Put,324,2023-05-01,3,3.6,3.66,3.72,3.28,617,134,+107,13.76%,"12:14 ET"
ARKK,35.71,Call,35,2023-05-05,7,1.21,1.23,1.26,1.29,513,411,+106,41.51%,"12:04 ET"
XLF,33.12,Call,33.5,2023-05-05,7,0.17,0.18,0.18,0.19,893,1261,+105,18.04%,"11:59 ET"
UNG,6.94,Call,7,2023-05-19,21,0.39,0.41,0.42,0.4,569,5429,+104,63.50%,"12:16 ET"
QQQ,321,Put,270,2023-07-21,84,1.9,1.91,1.92,1.89,777,6189,+104,28.89%,"12:17 ET"
SPY,414.68,Put,414,2023-05-12,14,4.08,4.09,4.09,4.09,1802,3330,+104,14.26%,"12:18 ET"
UNG,6.94,Call,7,2023-06-16,49,0.62,0.65,0.67,0.64,772,14030,+103,64.77%,"12:01 ET"
SPY,414.68,Put,415,2023-05-04,6,3.22,3.23,3.24,3.22,1341,807,+103,14.76%,"12:18 ET"
SPY,414.68,Put,414,2023-05-26,28,5.51,5.52,5.53,5.53,751,1354,+102,13.70%,"12:18 ET"
QQQ,321,Put,324,2023-06-16,49,9.71,9.72,9.73,9.55,1052,2197,+102,18.15%,"12:12 ET"
DPST,6.92,Put,6.5,2023-05-05,7,0.3,0.32,0.35,0.3,655,3704,+101,130.61%,"12:15 ET"
SPY,414.68,Call,416,2023-05-26,28,6.32,6.34,6.35,6.57,750,3035,+101,14.19%,"12:14 ET"
SPY,414.68,Put,265,2023-06-30,63,0.17,0.18,0.18,0.18,1185,9998,+101,45.56%,"11:15 ET"
"Downloaded from Barchart.com as of 04-28-2023 11:42am CDT"
