Symbol,Price~,Type,Strike,"Exp Date",DTE,Bid,Midpoint,Ask,Last,Volume,"Open Int","OI Chg",IV,Time
IWM,184.16,Put,175,2023-10-20,38,1.26,1.27,1.28,1.28,715,62708,"-44,725",20.16%,"15:19 ET"
SPY,445.83,Put,422,2023-11-17,66,3.28,3.29,3.29,2.96,625,32778,"-15,266",16.78%,"13:53 ET"
VXX,20.97,Put,20,2023-09-15,3,0.1,0.11,0.11,0.11,3152,22394,"-10,254",60.50%,"15:07 ET"
SPY,445.83,Put,395,2023-10-20,38,0.52,0.53,0.53,0.51,1263,39493,"-7,021",22.49%,"14:55 ET"
USO,79.81,Call,79,2023-09-15,3,1.22,1.25,1.27,1.26,2326,5501,"-5,078",27.65%,"15:15 ET"
SPY,445.83,Put,435,2023-09-15,3,0.28,0.29,0.29,0.29,24452,71120,"-5,064",19.39%,"15:17 ET"
SPY,445.83,Put,420,2023-10-20,38,1.55,1.56,1.56,1.53,10260,121923,"-5,011",17.38%,"15:13 ET"
QQQ,372.86,Call,375,2023-09-15,3,1.76,1.77,1.78,1.82,18608,72313,"-4,919",20.36%,"15:16 ET"
SQQQ,18.5,Call,17,2023-12-15,94,2.76,2.8,2.83,2.8,1575,12480,"-4,665",49.89%,"15:15 ET"
SPY,445.83,Call,430,2023-09-15,3,15.82,15.97,16.11,16.04,10888,32624,"-4,618",25.88%,"15:15 ET"
QQQ,372.86,Call,384,2023-10-20,38,3.91,3.92,3.93,3.93,1135,4055,"-4,269",15.89%,"15:17 ET"
VXX,20.97,Put,22,2023-09-15,3,1.11,1.14,1.16,1.12,1147,12100,"-4,222",62.64%,"15:14 ET"
IWM,184.16,Put,180,2023-12-15,94,4.33,4.35,4.36,4.17,4018,119650,"-3,893",18.81%,"14:43 ET"
QQQ,372.86,Put,360,2023-09-15,3,0.21,0.22,0.22,0.21,10496,141507,"-3,879",24.62%,"15:15 ET"
IWM,184.16,Put,184,2023-09-15,3,1.08,1.09,1.1,1.1,11031,52496,"-3,638",18.50%,"15:19 ET"
TLT,94.19,Put,95,2023-09-15,3,1.08,1.1,1.11,1.06,1322,53330,"-3,365",16.65%,"14:56 ET"
QQQ,372.86,Put,355,2023-09-15,3,0.11,0.11,0.12,0.12,7554,58441,"-3,341",29.04%,"15:11 ET"
ARKK,44.07,Put,42,2023-10-20,38,1.04,1.06,1.07,1.04,4698,14063,"-2,989",36.11%,"15:05 ET"
IWM,184.16,Call,186,2023-09-15,3,0.57,0.58,0.58,0.57,2053,29218,"-2,984",18.61%,"15:20 ET"
TLT,94.19,Put,97,2023-09-15,3,2.85,2.88,2.91,2.85,1408,18515,"-2,966",21.47%,"15:13 ET"
IWM,184.16,Put,186,2023-09-15,3,2.22,2.25,2.27,2.17,3520,55195,"-2,895",17.69%,"15:15 ET"
SPY,445.83,Put,440,2023-10-20,38,4.76,4.77,4.77,4.75,42542,88535,"-2,823",13.94%,"15:16 ET"
QQQ,372.86,Call,383,2023-09-15,3,0.2,0.21,0.21,0.2,1227,18124,"-2,599",19.95%,"15:16 ET"
ARKK,44.07,Call,45,2023-09-15,3,0.25,0.26,0.27,0.26,3148,15600,"-2,591",36.74%,"15:19 ET"
GDX,28.81,Put,29,2023-09-15,3,0.35,0.36,0.37,0.37,1470,21129,"-2,536",28.78%,"15:17 ET"
SPY,445.83,Put,425,2023-09-29,17,0.78,0.79,0.79,0.77,1110,52954,"-2,392",17.77%,"15:09 ET"
TLT,94.19,Put,98,2023-09-15,3,3.8,3.88,3.95,3.85,551,334,"-2,261",30.97%,"14:57 ET"
TLT,94.19,Put,99,2023-09-15,3,4.8,4.85,4.9,4.85,2000,1054,"-2,212",30.81%,"14:57 ET"
IWM,184.16,Put,185,2023-09-15,3,1.59,1.6,1.6,1.6,4283,139482,"-2,201",17.99%,"15:20 ET"
SPY,445.83,Put,445,2023-09-15,3,2.54,2.55,2.56,2.55,26288,61035,"-2,082",18.07%,"15:17 ET"
SPY,445.83,Put,415,2023-10-20,38,1.21,1.21,1.22,1.21,4533,90059,"-1,875",18.32%,"15:15 ET"
IWM,184.16,Put,185,2023-09-29,17,3.18,3.2,3.22,3.16,663,21876,"-1,554",18.57%,"15:16 ET"
TLT,94.19,Call,94,2023-09-15,3,0.7,0.71,0.71,0.72,4497,25190,"-1,523",18.40%,"15:15 ET"
QQQ,372.86,Put,350,2023-11-17,66,4.31,4.31,4.32,4.27,4463,23852,"-1,436",21.94%,"15:14 ET"
SPY,445.83,Put,448,2023-09-15,3,4.35,4.4,4.45,4.4,14266,18596,"-1,424",19.47%,"15:15 ET"
TLT,94.19,Put,100,2023-09-15,3,5.8,5.85,5.9,5.82,7572,7190,"-1,244",35.75%,"15:12 ET"
QQQ,372.86,Call,384,2023-09-15,3,0.14,0.15,0.15,0.15,1339,8471,"-1,230",20.15%,"15:13 ET"
EEM,39.1,Put,37,2023-10-20,38,0.16,0.17,0.18,0.17,18034,41141,"-1,215",17.51%,"13:54 ET"
QQQ,372.86,Call,374,2023-09-15,3,2.19,2.2,2.21,2.23,8929,13258,"-1,160",20.62%,"15:17 ET"
SPY,445.83,Call,445,2023-09-15,3,2.5,2.51,2.51,2.5,10578,34200,"-1,077",13.00%,"15:17 ET"
SPY,445.83,Call,452,2023-09-15,3,0.23,0.24,0.24,0.24,11637,27323,"-1,048",12.08%,"15:17 ET"
IWM,184.16,Call,195,2023-09-29,17,0.11,0.11,0.12,0.12,563,9491,"-1,021",15.20%,"15:06 ET"
SPY,445.83,Put,447,2023-09-15,3,3.7,3.73,3.76,3.71,30394,16860,-990,18.85%,"15:17 ET"
SPY,445.83,Call,440,2023-09-15,3,6.21,6.34,6.47,6.31,24045,58100,-974,15.00%,"15:15 ET"
SPY,445.83,Call,450,2023-09-13,1,0.21,0.22,0.22,0.21,34451,8375,-973,15.58%,"15:17 ET"
QQQ,372.86,Put,360,2023-10-20,38,3.89,3.9,3.91,3.89,2443,49807,-971,19.90%,"15:16 ET"
HYG,74.68,Put,75,2023-09-15,3,0.34,0.37,0.4,0.35,1157,102060,-965,5.33%,"15:05 ET"
QQQ,372.86,Call,420,2024-01-19,129,2.6,2.61,2.61,2.64,1173,22162,-957,15.74%,"15:12 ET"
MSOS,8.49,Call,6,2024-01-19,129,3,3.05,3.1,3,1024,6598,-903,92.44%,"14:48 ET"
SLV,21.14,Call,21,2023-09-15,3,0.29,0.3,0.3,0.29,1572,36597,-888,25.42%,"15:14 ET"
QQQ,372.86,Put,368,2023-09-15,3,1.05,1.06,1.07,1.02,2751,16922,-820,21.02%,"15:16 ET"
XLE,92.88,Put,92,2023-09-15,3,0.36,0.37,0.37,0.35,2855,15971,-764,20.78%,"15:13 ET"
IWM,184.16,Call,190,2023-12-15,94,4.4,4.42,4.44,4.5,10058,44934,-757,16.25%,"15:10 ET"
MSOS,8.49,Call,9,2023-09-15,3,0.14,0.15,0.16,0.14,4323,7094,-741,129.30%,"15:19 ET"
SPY,445.83,Call,467,2023-12-15,94,4.11,4.12,4.13,4.21,884,4248,-729,11.07%,"14:55 ET"
SPY,445.83,Call,447,2023-10-20,38,6.77,6.78,6.79,6.98,1897,3530,-723,11.20%,"14:59 ET"
SPY,445.83,Call,445,2023-10-20,38,7.98,7.99,7.99,8,1916,27272,-711,11.45%,"15:15 ET"
EWZ,31.42,Call,31,2023-09-15,3,0.64,0.65,0.65,0.68,2158,42937,-683,33.72%,"14:47 ET"
SPY,445.83,Put,443,2023-10-20,38,5.71,5.72,5.72,5.61,814,4535,-678,13.51%,"15:08 ET"
SQQQ,18.5,Call,19.5,2023-09-15,3,0.12,0.13,0.13,0.12,3128,6507,-671,64.75%,"15:19 ET"
SPY,445.83,Call,447,2023-09-22,10,2.61,2.62,2.63,2.63,9103,1106,-650,10.32%,"15:16 ET"
KWEB,28,Call,32,2023-10-20,38,0.29,0.3,0.3,0.29,1354,16391,-628,38.59%,"15:16 ET"
TLT,94.19,Call,97,2023-10-20,38,0.75,0.76,0.77,0.76,824,10523,-627,13.93%,"15:09 ET"
SPY,445.83,Put,420,2023-11-17,66,3.04,3.05,3.05,3.02,2738,19726,-615,17.09%,"15:13 ET"
IWM,184.16,Put,186,2023-09-13,1,1.94,1.97,2,1.83,794,4561,-602,20.58%,"15:06 ET"
QQQ,372.86,Call,372,2023-09-15,3,3.24,3.25,3.26,3.26,13334,15323,-597,21.35%,"15:17 ET"
QQQ,372.86,Put,358,2023-09-15,3,0.16,0.17,0.17,0.16,652,12501,-590,26.22%,"15:01 ET"
QQQ,372.86,Put,369,2023-09-22,10,3,3.01,3.02,2.91,1201,1857,-590,19.45%,"15:07 ET"
SPY,445.83,Put,428,2023-09-15,3,0.09,0.1,0.1,0.11,2294,72906,-550,23.27%,"15:00 ET"
SPY,445.83,Call,445,2023-09-29,17,4.84,4.85,4.85,4.85,2376,14643,-541,10.58%,"15:17 ET"
LQD,104.49,Call,108,2023-10-20,38,0.2,0.22,0.23,0.21,2001,1304,-529,8.32%,"15:13 ET"
XLE,92.88,Call,95,2023-10-20,38,1.27,1.28,1.28,1.3,4028,23724,-524,16.98%,"15:12 ET"
SPY,445.83,Put,450,2023-09-13,1,4.38,4.48,4.57,4.3,4385,1147,-500,13.43%,"15:09 ET"
EMB,84.64,Put,84,2023-09-15,3,0.11,0.13,0.14,0.16,5000,20298,-500,11.89%,"11:58 ET"
SPY,445.83,Put,450,2024-01-19,129,14.16,14.18,14.2,14.12,752,18986,-482,14.03%,"15:16 ET"
SPY,445.83,Call,465,2023-11-17,66,2.65,2.66,2.67,2.66,673,22819,-478,10.67%,"15:15 ET"
KRE,43.59,Call,44.5,2023-09-15,3,0.16,0.17,0.17,0.16,1137,2804,-466,28.90%,"15:09 ET"
GLD,177.47,Call,180,2023-09-15,3,0.12,0.13,0.13,0.13,3557,23286,-451,12.88%,"15:18 ET"
QQQ,372.86,Put,363,2023-09-15,3,0.37,0.38,0.38,0.37,3461,20145,-444,22.95%,"15:15 ET"
QQQ,372.86,Call,385,2023-09-15,3,0.1,0.11,0.11,0.11,19937,47290,-433,20.28%,"15:15 ET"
IWM,184.16,Call,197,2023-10-20,38,0.37,0.38,0.38,0.41,1346,2765,-432,14.54%,"14:47 ET"
TLT,94.19,Put,94,2023-09-15,3,0.51,0.52,0.53,0.51,1649,21599,-423,17.09%,"15:16 ET"
QQQ,372.86,Call,385,2023-10-13,31,2.82,2.83,2.83,2.91,616,2109,-421,15.70%,"14:59 ET"
JETS,18.41,Put,18.5,2023-09-15,3,0.17,0.18,0.18,0.16,2664,2816,-418,22.00%,"15:15 ET"
SPY,445.83,Call,460,2023-10-20,38,1.62,1.63,1.63,1.63,4175,29471,-416,9.99%,"15:17 ET"
SPY,445.83,Call,452,2023-10-20,38,4.22,4.23,4.23,4.31,1358,6690,-412,10.62%,"15:09 ET"
QQQ,372.86,Call,371,2023-09-15,3,3.85,3.87,3.88,3.92,1403,20095,-409,21.66%,"15:15 ET"
QQQ,372.86,Call,376,2023-09-15,3,1.4,1.4,1.41,1.4,6936,11599,-409,20.13%,"15:17 ET"
QQQ,372.86,Call,380,2023-09-20,8,1.12,1.13,1.13,1.16,808,2211,-405,16.16%,"15:15 ET"
SPY,445.83,Put,430,2023-09-15,3,0.11,0.11,0.12,0.12,9252,139321,-404,21.89%,"15:16 ET"
SPY,445.83,Put,431,2023-10-20,38,2.81,2.82,2.82,2.79,847,5351,-403,15.40%,"15:15 ET"
TQQQ,40.53,Call,40.5,2023-09-15,3,0.86,0.87,0.87,0.86,2124,4705,-398,59.66%,"15:20 ET"
SPY,445.83,Call,446,2023-09-22,10,3.1,3.11,3.11,3.14,2139,1701,-394,10.32%,"15:16 ET"
QQQ,372.86,Put,366,2023-09-15,3,0.69,0.7,0.71,0.7,1509,8421,-391,21.76%,"15:15 ET"
MSOS,8.49,Call,6,2023-09-15,3,2.21,2.26,2.3,2.19,3522,19161,-376,213.50%,"14:46 ET"
QQQ,372.86,Put,340,2023-10-20,38,1.33,1.34,1.34,1.31,2223,39321,-370,23.69%,"15:05 ET"
QQQ,372.86,Call,388,2023-10-20,38,2.7,2.71,2.71,2.73,557,4641,-351,15.51%,"15:16 ET"
QQQ,372.86,Put,360,2023-11-17,66,6.37,6.38,6.39,6.4,1846,18479,-351,20.47%,"15:15 ET"
SPY,445.83,Call,447,2023-09-14,2,1.38,1.38,1.39,1.41,18130,4894,-326,14.88%,"15:17 ET"
SPY,445.83,Put,428,2023-09-29,17,0.99,1,1,0.99,1013,10405,-317,16.98%,"15:09 ET"
SPY,445.83,Put,426,2023-09-22,10,0.38,0.39,0.39,0.38,992,1602,-313,18.44%,"15:15 ET"
GDX,28.81,Call,31,2023-10-20,38,0.32,0.33,0.33,0.33,688,25873,-302,26.74%,"15:15 ET"
SQQQ,18.5,Put,18.5,2023-09-15,3,0.38,0.39,0.39,0.39,1432,2152,-288,60.96%,"15:15 ET"
QQQ,372.86,Put,372,2023-09-15,3,2.3,2.3,2.31,2.29,16365,15317,-277,19.70%,"15:17 ET"
SPY,445.83,Call,451,2023-09-15,3,0.36,0.37,0.37,0.37,9340,16703,-268,12.18%,"15:17 ET"
QQQ,372.86,Put,350,2023-09-22,10,0.36,0.37,0.37,0.35,2152,9552,-257,24.55%,"14:50 ET"
SPY,445.83,Call,446,2023-09-29,17,4.28,4.29,4.29,4.3,1178,7092,-251,10.50%,"15:16 ET"
QQQ,372.86,Put,366,2023-09-22,10,2.15,2.16,2.17,2.19,1325,3511,-247,20.09%,"15:15 ET"
IWM,184.16,Put,179,2023-09-15,3,0.1,0.11,0.11,0.11,1203,31506,-242,21.68%,"15:19 ET"
TQQQ,40.53,Call,40,2023-09-15,3,1.14,1.15,1.15,1.14,2322,15951,-241,60.73%,"15:19 ET"
QQQ,372.86,Put,370,2023-09-20,8,2.89,2.91,2.92,2.86,603,1437,-238,19.24%,"15:16 ET"
SPY,445.83,Put,450,2023-10-20,38,8.79,8.8,8.81,8.75,3847,31191,-237,12.81%,"15:16 ET"
EEM,39.1,Put,42,2023-09-15,3,2.88,2.9,2.92,2.93,11610,3331,-236,31.56%,"15:10 ET"
UNG,7.07,Put,7,2023-09-15,3,0.12,0.13,0.13,0.13,3924,16826,-235,64.40%,"15:18 ET"
SPY,445.83,Put,445,2023-11-17,66,8.49,8.5,8.51,8.41,8133,22544,-229,13.56%,"15:14 ET"
TQQQ,40.53,Call,39.5,2023-09-15,3,1.46,1.47,1.48,1.47,937,1898,-217,62.35%,"15:18 ET"
JETS,18.41,Put,17,2023-10-20,38,0.12,0.13,0.13,0.12,2195,7321,-216,26.29%,"14:49 ET"
XLU,63.6,Call,64,2023-09-15,3,0.15,0.16,0.18,0.19,644,8316,-212,15.01%,"15:12 ET"
SPY,445.83,Call,460,2023-10-06,24,0.68,0.69,0.69,0.68,1205,3281,-212,9.70%,"15:15 ET"
SPY,445.83,Call,447,2023-10-06,24,4.84,4.85,4.86,4.96,2006,2040,-212,10.77%,"15:12 ET"
EWJ,62.34,Call,62,2023-09-15,3,0.55,0.58,0.6,0.6,1542,8114,-211,17.25%,"15:18 ET"
EEM,39.1,Put,39,2023-09-15,3,0.18,0.19,0.2,0.19,15685,90581,-211,16.99%,"15:15 ET"
URA,24.88,Call,25.5,2023-09-15,3,0.05,0.1,0.15,0.1,2139,8346,-203,34.61%,"15:03 ET"
SQQQ,18.5,Call,18,2023-10-20,38,1.44,1.46,1.48,1.45,1330,13946,-198,47.18%,"15:18 ET"
QQQ,372.86,Put,365,2023-09-29,17,2.89,2.9,2.91,2.84,1972,13048,-196,19.55%,"15:13 ET"
SPY,445.83,Call,445,2023-09-22,10,3.64,3.65,3.65,3.66,613,4104,-195,10.35%,"15:16 ET"
QQQ,372.86,Call,375,2023-09-29,17,4.64,4.65,4.66,4.62,1158,7084,-190,16.75%,"15:15 ET"
FXI,27.31,Put,26,2023-10-20,38,0.42,0.43,0.44,0.41,2572,17541,-183,28.02%,"13:42 ET"
QQQ,372.86,Put,345,2023-10-20,38,1.72,1.73,1.73,1.71,1004,33210,-175,22.67%,"15:14 ET"
XLU,63.6,Put,63,2023-09-15,3,0.13,0.14,0.15,0.15,1188,29762,-173,15.64%,"15:08 ET"
SPY,445.83,Put,450,2023-09-29,17,7.17,7.27,7.36,7.19,1379,45593,-170,13.38%,"15:14 ET"
SPY,445.83,Call,443,2023-09-29,17,6.07,6.1,6.12,6.15,620,4767,-167,10.75%,"15:00 ET"
QQQ,372.86,Call,381,2023-10-20,38,5.05,5.06,5.07,5.13,1161,1714,-164,16.19%,"15:13 ET"
SPY,445.83,Call,525,2024-06-21,283,2.09,2.11,2.13,2.15,528,5401,-161,11.23%,"14:46 ET"
TZA,27.9,Call,27,2023-09-15,3,1.08,1.11,1.13,1.09,1265,747,-161,53.77%,"15:16 ET"
QQQ,372.86,Call,373,2023-09-15,3,2.69,2.7,2.71,2.74,5246,15451,-158,20.97%,"15:16 ET"
QQQ,372.86,Call,368,2023-09-15,3,5.97,6.04,6.1,6.05,715,17852,-152,23.33%,"15:16 ET"
QQQ,372.86,Call,365,2023-09-15,3,8.48,8.55,8.62,8.49,1737,52571,-152,24.42%,"15:15 ET"
SPY,445.83,Put,434,2023-10-06,24,2.24,2.25,2.26,2.15,635,1585,-150,15.14%,"14:59 ET"
QQQ,372.86,Call,376,2023-09-20,8,2.34,2.35,2.36,2.6,501,407,-147,16.54%,"14:50 ET"
SPY,445.83,Put,405,2023-10-20,38,0.77,0.78,0.78,0.77,2588,38197,-142,20.33%,"15:07 ET"
SPY,445.83,Put,425,2024-01-19,129,7.03,7.05,7.06,7,845,21504,-141,16.75%,"15:08 ET"
TZA,27.9,Call,28.5,2023-09-15,3,0.32,0.33,0.34,0.3,928,322,-140,57.51%,"15:12 ET"
XLE,92.88,Call,88,2023-09-15,3,4.8,4.88,4.95,5.04,533,7830,-139,36.67%,"13:23 ET"
QQQ,372.86,Call,375,2023-10-20,38,7.93,7.95,7.96,7.98,22203,31393,-137,16.96%,"15:17 ET"
QQQ,372.86,Put,355,2023-09-29,17,1.22,1.23,1.23,1.22,1337,9714,-134,21.71%,"15:16 ET"
EEM,39.1,Call,38,2023-09-15,3,1.13,1.15,1.18,1.17,3610,21387,-132,27.88%,"14:42 ET"
QQQ,372.86,Put,364,2023-09-15,3,0.46,0.46,0.47,0.46,1985,16058,-131,22.57%,"15:17 ET"
QQQ,372.86,Call,402,2023-10-20,38,0.56,0.57,0.57,0.6,854,4626,-121,14.78%,"14:49 ET"
URA,24.88,Call,24,2023-09-15,3,0.85,0.93,1,0.93,6050,6734,-120,33.01%,"14:27 ET"
SPY,445.83,Call,445,2023-09-13,1,1.88,1.88,1.89,1.89,10278,1668,-120,16.52%,"15:17 ET"
SPY,445.83,Put,446,2023-09-18,6,3.35,3.36,3.36,3.37,3186,1335,-118,14.46%,"15:16 ET"
SLV,21.14,Call,22,2023-09-29,17,0.15,0.16,0.16,0.16,3984,3564,-118,24.11%,"15:15 ET"
MSOS,8.49,Call,8.5,2023-09-22,10,0.63,0.66,0.68,0.64,688,3216,-117,134.72%,"15:07 ET"
SPY,445.83,Put,432,2023-09-15,3,0.16,0.17,0.17,0.16,2065,36823,-117,20.66%,"15:07 ET"
TQQQ,40.53,Call,38,2023-09-15,3,2.63,2.65,2.66,2.72,1127,10230,-116,65.56%,"15:05 ET"
QQQ,372.86,Put,360,2024-01-19,129,10.33,10.34,10.36,10.32,508,30059,-113,20.90%,"15:16 ET"
SPY,445.83,Call,454,2023-09-15,3,0.1,0.11,0.11,0.11,6656,19994,-113,12.40%,"15:16 ET"
SQQQ,18.5,Put,18,2023-09-15,3,0.17,0.18,0.18,0.18,5061,6023,-112,59.24%,"15:18 ET"
XLE,92.88,Call,94,2023-09-15,3,0.28,0.29,0.29,0.3,7209,5995,-112,21.67%,"15:16 ET"
GLD,177.47,Put,181,2023-09-15,3,3.4,3.47,3.55,3.55,2540,2829,-111,16.36%,"15:10 ET"
USO,79.81,Call,80,2023-10-20,38,2.55,2.6,2.65,2.6,577,4640,-106,24.23%,"15:09 ET"
TLT,94.19,Put,92,2023-10-20,38,0.84,0.85,0.86,0.82,650,6912,-106,15.35%,"15:03 ET"
QQQ,372.86,Put,362,2023-09-29,17,2.23,2.24,2.25,2.2,4096,4726,-102,20.17%,"15:11 ET"
QQQ,372.86,Put,358,2023-10-20,38,3.48,3.5,3.51,3.52,1222,4422,-101,20.28%,"15:15 ET"
IWM,184.16,Put,184,2023-09-22,10,1.86,1.87,1.88,1.88,2807,4891,-100,17.04%,"15:19 ET"
SPY,445.83,Put,435,2023-09-29,17,1.82,1.83,1.83,1.81,19360,69525,-95,15.42%,"15:17 ET"
SPY,445.83,Call,444,2023-09-13,1,2.52,2.53,2.54,2.52,2479,2768,-94,16.68%,"15:17 ET"
QQQ,372.86,Put,325,2023-12-15,94,2.78,2.79,2.79,2.77,686,225075,-93,25.55%,"15:14 ET"
SPY,445.83,Put,455,2024-01-19,129,16.39,16.47,16.55,15.93,1033,13648,-92,13.58%,"14:46 ET"
SPY,445.83,Put,433,2023-10-20,38,3.15,3.16,3.16,3.06,890,8742,-88,15.05%,"14:52 ET"
GLD,177.47,Put,182,2023-09-15,3,4.4,4.48,4.55,4.45,2422,2827,-87,19.71%,"14:57 ET"
SPY,445.83,Call,451,2023-09-14,2,0.31,0.32,0.32,0.31,3435,6649,-87,14.20%,"15:17 ET"
KWEB,28,Call,28,2023-09-15,3,0.41,0.42,0.43,0.45,2096,18197,-86,42.13%,"14:46 ET"
GDX,28.81,Call,30,2023-10-20,38,0.57,0.58,0.59,0.58,954,10161,-85,26.21%,"15:18 ET"
IWM,184.16,Put,184,2023-10-20,38,3.76,3.77,3.78,3.76,2449,47200,-85,17.74%,"15:16 ET"
KRE,43.59,Put,43.5,2023-09-15,3,0.37,0.38,0.38,0.36,4581,3333,-85,28.85%,"15:18 ET"
XBI,79.19,Put,80,2023-09-15,3,1.07,1.1,1.13,1.05,2021,8303,-84,23.82%,"15:13 ET"
QQQ,372.86,Call,373,2023-09-14,2,2.24,2.25,2.26,2.25,2007,4443,-82,21.81%,"15:17 ET"
SPY,445.83,Call,444,2023-09-29,17,5.45,5.46,5.46,5.5,1122,2902,-81,10.67%,"15:16 ET"
ARKK,44.07,Put,42.5,2023-09-15,3,0.12,0.13,0.13,0.13,1126,2552,-80,41.11%,"15:20 ET"
SPY,445.83,Call,448,2023-09-19,7,1.38,1.38,1.39,1.39,6460,808,-79,9.15%,"15:16 ET"
TQQQ,40.53,Call,50,2023-12-15,94,1.22,1.23,1.25,1.25,871,23410,-78,47.58%,"15:14 ET"
UNG,7.07,Call,6,2023-10-20,38,1.23,1.25,1.26,1.24,921,8026,-78,60.77%,"15:17 ET"
QQQ,372.86,Call,395,2023-11-17,66,3.7,3.71,3.72,3.71,1164,6984,-76,16.25%,"15:16 ET"
SPY,445.83,Call,447.5,2023-10-06,24,4.58,4.59,4.6,5,1229,1911,-75,10.73%,"14:45 ET"
SLV,21.14,Call,30,2024-01-19,129,0.1,0.11,0.11,0.1,1281,82931,-73,33.42%,"14:06 ET"
SPY,445.83,Put,446,2023-10-20,38,6.87,6.88,6.88,6.85,2715,6479,-73,13.16%,"15:17 ET"
EWZ,31.42,Call,32,2024-01-19,129,1.75,1.78,1.81,1.83,621,3714,-72,25.53%,"15:10 ET"
DIA,347.11,Put,343,2023-09-15,3,0.54,0.55,0.55,0.55,519,1069,-70,15.66%,"15:19 ET"
QQQ,372.86,Call,375,2023-09-19,7,2.24,2.25,2.26,2.3,2724,583,-70,15.36%,"15:16 ET"
XOP,153.5,Call,160,2023-10-20,38,2.13,2.16,2.18,2.19,940,7245,-69,22.16%,"14:56 ET"
XLI,105.26,Put,110,2023-09-15,3,4.6,4.68,4.75,4.7,3285,3320,-66,24.43%,"15:09 ET"
SPY,445.83,Call,466,2023-12-15,94,4.42,4.43,4.44,4.5,1110,8585,-66,11.14%,"15:12 ET"
QQQ,372.86,Put,353,2023-10-20,38,2.65,2.66,2.67,2.63,1167,2128,-66,21.18%,"15:11 ET"
SPY,445.83,Call,458,2023-09-29,17,0.51,0.52,0.52,0.53,1471,8391,-66,9.70%,"15:16 ET"
SLV,21.14,Call,20,2023-09-15,3,1.18,1.19,1.2,1.18,853,17209,-65,36.10%,"15:20 ET"
SPY,445.83,Put,442,2023-10-20,38,5.37,5.38,5.39,5.29,1266,9018,-64,13.66%,"15:13 ET"
SPY,445.83,Put,375,2023-12-15,94,1.4,1.4,1.41,1.34,2429,50837,-63,23.92%,"14:35 ET"
SPY,445.83,Call,453,2023-10-20,38,3.79,3.8,3.81,3.88,2455,6478,-63,10.52%,"15:08 ET"
QQQ,372.86,Put,260,2023-10-20,38,0.12,0.13,0.13,0.14,531,2503,-61,46.97%,"10:20 ET"
KWEB,28,Call,28.5,2023-09-22,10,0.5,0.51,0.52,0.51,2339,5463,-61,38.99%,"14:54 ET"
IWM,184.16,Call,186,2023-09-13,1,0.2,0.21,0.21,0.2,8871,1962,-60,20.32%,"15:19 ET"
HYG,74.68,Put,72,2023-11-17,66,0.29,0.3,0.3,0.32,20009,110666,-60,10.42%,"12:35 ET"
QQQ,372.86,Call,377,2023-09-29,17,3.71,3.72,3.73,3.74,680,2520,-60,16.45%,"15:15 ET"
QQQ,372.86,Call,379,2023-09-22,10,1.81,1.82,1.83,1.83,1110,1083,-60,16.63%,"15:16 ET"
XLE,92.88,Put,89,2023-09-29,17,0.45,0.46,0.47,0.44,1366,500,-60,22.72%,"14:50 ET"
QQQ,372.86,Call,378,2023-09-22,10,2.13,2.14,2.15,2.15,963,849,-59,16.74%,"15:17 ET"
QQQ,372.86,Call,371,2023-09-12,0,1.66,1.7,1.74,1.67,1703,1069,-59,5.57%,"15:15 ET"
QQQ,372.86,Call,388,2023-09-22,10,0.31,0.32,0.32,0.33,587,800,-55,16.06%,"15:07 ET"
QQQ,372.86,Call,370,2023-09-14,2,4.07,4.1,4.13,4.12,1384,1925,-55,23.28%,"15:16 ET"
QQQ,372.86,Call,371,2023-09-14,2,3.4,3.42,3.44,3.45,1845,2869,-54,22.62%,"15:16 ET"
TLT,94.19,Put,102,2023-09-15,3,7.8,7.85,7.9,7.8,2960,596,-53,45.18%,"15:09 ET"
MSOS,8.49,Call,8,2023-12-15,94,1.93,1.96,1.98,1.95,1235,4237,-52,108.48%,"15:18 ET"
SOXL,20.99,Put,22,2023-09-15,3,1.27,1.28,1.29,1.24,1411,3488,-52,85.89%,"15:16 ET"
SPY,445.83,Call,440,2023-10-20,38,11.34,11.37,11.4,11.42,1494,17510,-52,12.07%,"15:16 ET"
QQQ,372.86,Call,360,2023-12-15,94,25.45,25.53,25.61,25.65,522,31856,-50,20.77%,"15:03 ET"
XLF,34.69,Put,29,2024-01-19,129,0.18,0.19,0.19,0.18,705,18225,-50,23.99%,"13:02 ET"
EWZ,31.42,Call,30,2023-09-15,3,1.49,1.5,1.51,1.54,598,35888,-44,40.59%,"14:48 ET"
SPY,445.83,Put,400,2023-09-29,17,0.18,0.19,0.19,0.19,1238,14988,-44,25.32%,"15:15 ET"
HYG,74.68,Call,75,2023-09-15,3,0.08,0.09,0.1,0.1,5294,151036,-44,8.11%,"15:12 ET"
XOP,153.5,Call,170,2023-10-20,38,0.48,0.5,0.51,0.49,941,1449,-42,22.55%,"15:14 ET"
SPXL,88.83,Call,89,2023-09-15,3,1.2,1.25,1.3,1.27,593,239,-40,43.48%,"15:18 ET"
TLT,94.19,Call,96,2023-10-20,38,1.07,1.08,1.09,1.07,715,7150,-40,13.88%,"15:07 ET"
XBI,79.19,Call,80,2023-09-15,3,0.35,0.37,0.39,0.43,2146,13091,-39,23.07%,"14:43 ET"
UNG,7.07,Call,8,2024-01-19,129,0.99,1,1.01,0.99,1451,15136,-35,76.60%,"15:14 ET"
SPY,445.83,Put,452,2023-09-13,1,6.25,6.36,6.47,6.25,1396,771,-33,17.69%,"15:15 ET"
IWM,184.16,Call,198,2023-10-20,38,0.3,0.31,0.31,0.3,1032,2227,-32,14.58%,"15:18 ET"
XLF,34.69,Call,36,2024-01-19,129,0.78,0.79,0.79,0.82,751,32001,-31,13.54%,"14:42 ET"
GDX,28.81,Call,32,2023-11-17,66,0.44,0.45,0.45,0.45,590,50547,-30,28.13%,"15:12 ET"
GLD,177.47,Call,183,2023-10-20,38,0.8,0.81,0.81,0.81,646,4631,-30,10.38%,"15:04 ET"
IWM,184.16,Put,195,2023-09-15,3,10.74,10.79,10.83,10.55,4331,8508,-27,29.15%,"15:08 ET"
QQQ,372.86,Call,373,2023-09-20,8,3.72,3.73,3.74,3.69,635,380,-26,16.96%,"15:15 ET"
DIA,347.11,Call,365,2023-10-06,24,0.08,0.08,0.09,0.1,774,887,-26,9.48%,"13:57 ET"
SPY,445.83,Call,442,2023-09-15,3,4.57,4.6,4.63,4.59,776,14861,-26,13.80%,"15:15 ET"
QQQ,372.86,Call,368,2023-09-13,1,5.04,5.08,5.11,5.04,810,549,-26,24.22%,"15:17 ET"
XLF,34.69,Call,37,2024-01-19,129,0.42,0.43,0.43,0.45,1844,44143,-26,12.83%,"14:35 ET"
QQQ,372.86,Put,353,2023-09-15,3,0.09,0.1,0.1,0.1,5048,4320,-25,30.86%,"14:44 ET"
XLP,71.75,Put,75,2023-09-15,3,3.15,3.25,3.35,3.25,5800,3454,-25,30.75%,"14:57 ET"
QQQ,372.86,Call,375,2023-09-22,10,3.33,3.34,3.35,3.34,8585,6629,-25,17.11%,"15:15 ET"
ICLN,15.61,Call,16,2023-10-20,38,0.3,0.32,0.35,0.3,12210,136,-25,22.53%,"14:15 ET"
TLT,94.19,Call,102,2023-10-20,38,0.12,0.13,0.13,0.12,3220,18175,-24,15.03%,"15:06 ET"
DIA,347.11,Put,349,2023-09-15,3,3.15,3.22,3.3,3.05,531,699,-24,16.99%,"15:08 ET"
SLV,21.14,Put,20,2023-10-20,38,0.15,0.16,0.16,0.16,725,42940,-23,22.26%,"15:17 ET"
TLT,94.19,Call,95.5,2023-09-15,3,0.16,0.17,0.17,0.17,790,5320,-23,18.26%,"15:17 ET"
IWM,184.16,Call,189,2023-09-29,17,0.77,0.78,0.79,0.82,2378,463,-22,14.73%,"14:57 ET"
XLF,34.69,Put,33,2024-01-19,129,0.62,0.63,0.63,0.6,4931,67618,-22,18.22%,"14:46 ET"
VXX,20.97,Call,24,2023-09-22,10,0.18,0.19,0.2,0.18,1300,2295,-22,71.60%,"14:44 ET"
SQQQ,18.5,Call,19,2023-12-15,94,1.99,2.01,2.03,2.01,1229,6374,-21,56.10%,"15:18 ET"
QQQ,372.86,Put,265,2023-10-20,38,0.14,0.15,0.15,0.16,1506,5028,-20,45.59%,"10:01 ET"
SQQQ,18.5,Put,18,2023-12-15,94,1.79,1.81,1.83,1.81,830,588,-19,59.09%,"15:15 ET"
XLP,71.75,Put,70,2023-12-15,94,0.94,0.97,1,0.92,1001,1642,-19,13.51%,"14:19 ET"
QQQ,372.86,Call,376,2023-09-29,17,4.16,4.17,4.18,4.4,1067,2269,-19,16.60%,"14:50 ET"
DIA,347.11,Put,348,2023-09-15,3,2.47,2.5,2.53,2.49,734,682,-18,15.96%,"15:18 ET"
SPY,445.83,Put,447.5,2023-09-22,10,5.07,5.11,5.15,4.95,794,612,-18,14.76%,"15:09 ET"
IWM,184.16,Put,180,2023-09-29,17,1.29,1.3,1.31,1.26,1456,11512,-18,19.41%,"15:10 ET"
GLD,177.47,Call,178,2023-09-15,3,0.6,0.61,0.62,0.62,2174,8062,-18,12.49%,"15:07 ET"
SPY,445.83,Call,447,2023-09-29,17,3.75,3.76,3.76,3.78,4335,5247,-17,10.41%,"15:16 ET"
XLF,34.69,Call,35,2024-01-19,129,1.29,1.3,1.31,1.3,1267,46574,-17,14.49%,"15:16 ET"
XLK,170.51,Put,165,2023-09-15,3,0.13,0.15,0.16,0.14,514,6035,-13,25.02%,"14:48 ET"
XLF,34.69,Put,31,2023-12-15,94,0.21,0.22,0.22,0.22,1021,16020,-13,21.20%,"15:00 ET"
XHB,80.48,Call,83,2023-09-15,3,0.1,0.11,0.12,0.12,1331,1449,-13,26.40%,"15:12 ET"
DIA,347.11,Call,350,2023-10-20,38,3.65,3.68,3.7,3.84,530,591,-12,9.38%,"14:58 ET"
DIA,347.11,Put,346,2023-09-15,3,1.4,1.42,1.43,1.44,857,1247,-12,15.28%,"15:18 ET"
XLE,92.88,Call,95,2023-10-06,24,0.77,0.78,0.78,0.79,4816,278,-11,16.31%,"15:11 ET"
UNG,7.07,Call,8,2023-10-06,24,0.12,0.13,0.13,0.12,515,846,-11,55.76%,"15:15 ET"
USO,79.81,Call,75,2024-01-19,129,8.8,8.9,9,8.83,581,2451,-10,28.25%,"14:56 ET"
SPY,445.83,Put,452,2023-09-15,3,7.66,7.8,7.94,7.66,636,18578,-10,22.94%,"15:15 ET"
EEM,39.1,Call,45,2024-06-21,283,0.72,0.75,0.78,0.76,1514,8102,-10,17.21%,"13:18 ET"
UNG,7.07,Put,7,2023-10-20,38,0.49,0.5,0.5,0.49,1540,29206,-10,59.95%,"15:16 ET"
KWEB,28,Put,28,2024-06-21,283,3.3,3.35,3.4,3.26,2030,1891,-10,39.41%,"13:42 ET"
SPY,445.83,Put,443,2023-09-15,3,1.67,1.67,1.68,1.66,10911,23624,-10,17.69%,"15:17 ET"
IWM,184.16,Put,175,2023-09-22,10,0.19,0.2,0.2,0.19,554,12406,-9,21.25%,"15:11 ET"
EWZ,31.42,Call,35,2023-12-15,94,0.61,0.62,0.63,0.63,540,74985,-7,27.35%,"14:42 ET"
QQQ,372.86,Put,335,2023-11-17,66,2.4,2.41,2.42,2.38,671,23490,-7,24.24%,"14:50 ET"
UNG,7.07,Put,7,2023-09-29,17,0.27,0.28,0.29,0.28,601,1600,-6,53.05%,"14:52 ET"
KRE,43.59,Call,46,2024-01-19,129,1.96,1.97,1.98,1.96,893,5496,-6,25.50%,"15:19 ET"
IWM,184.16,Call,203,2023-10-20,38,0.1,0.11,0.11,0.11,987,2084,-6,15.27%,"14:54 ET"
SPY,445.83,Put,380,2024-01-19,129,2.44,2.45,2.45,2.39,1041,28319,-6,22.45%,"14:56 ET"
UVIX,2.91,Call,3.5,2023-09-22,10,0.05,0.08,0.1,0.1,1110,434,-6,143.09%,"15:18 ET"
QQQ,372.86,Put,359,2023-09-22,10,0.95,0.96,0.96,0.94,1609,2524,-6,21.69%,"15:15 ET"
IWM,184.16,Put,179,2023-09-29,17,1.06,1.07,1.08,0.96,3026,15374,-6,19.68%,"14:42 ET"
EEM,39.1,Put,41,2023-09-15,3,1.88,1.9,1.92,1.87,4880,30178,-5,22.01%,"15:10 ET"
SPY,445.83,Call,453,2023-09-14,2,0.12,0.13,0.13,0.12,6218,10683,-5,14.06%,"15:16 ET"
SPY,445.83,Put,385,2023-09-29,17,0.1,0.11,0.11,0.11,501,55719,-5,30.31%,"14:55 ET"
SPY,445.83,Call,445,2023-10-06,24,5.99,6,6.01,5.98,692,1640,-5,11.01%,"15:15 ET"
SPY,445.83,Put,429,2023-11-17,66,4.32,4.33,4.33,4.23,901,23548,-5,15.73%,"14:54 ET"
TQQQ,40.53,Call,45,2025-01-17,493,9.55,9.63,9.7,9.8,1077,15376,-5,54.89%,"14:35 ET"
XBI,79.19,Put,78,2023-09-15,3,0.24,0.25,0.26,0.24,1174,3643,-5,24.80%,"14:02 ET"
QQQ,372.86,Call,388,2023-09-29,17,0.77,0.78,0.78,0.8,545,4288,-4,15.34%,"15:13 ET"
TQQQ,40.53,Put,39,2023-09-29,17,1.26,1.27,1.28,1.25,568,1378,-4,56.95%,"15:15 ET"
SPY,445.83,Call,447,2024-03-15,185,22.68,22.74,22.81,22.86,820,255,-4,14.49%,"15:02 ET"
TQQQ,40.53,Put,35,2024-01-19,129,2.94,2.96,2.98,2.93,1312,3619,-4,62.00%,"15:03 ET"
TLT,94.19,Call,96,2023-09-29,17,0.53,0.54,0.55,0.54,2333,1457,-4,14.69%,"15:12 ET"
GLD,177.47,Put,184,2023-09-15,3,6.4,6.48,6.55,6.55,2920,1004,-3,26.01%,"15:10 ET"
XHB,80.48,Put,81,2023-09-15,3,0.9,0.93,0.96,0.91,7094,7960,-3,26.24%,"15:15 ET"
FXI,27.31,Call,28.5,2023-10-20,38,0.56,0.57,0.58,0.59,518,38460,-3,29.09%,"13:28 ET"
XLF,34.69,Call,34.5,2023-09-15,3,0.34,0.35,0.35,0.37,585,7674,-3,16.74%,"14:59 ET"
QQQ,372.86,Put,365,2023-12-15,94,9.75,9.77,9.78,9.67,601,36499,-3,20.08%,"14:58 ET"
SPY,445.83,Put,431,2023-09-22,10,0.66,0.67,0.67,0.64,656,3428,-3,17.05%,"15:10 ET"
SQQQ,18.5,Call,20.5,2023-09-22,10,0.16,0.17,0.17,0.16,737,2039,-3,59.98%,"15:18 ET"
SPY,445.83,Call,385,2023-09-15,3,60.76,60.89,61.01,61.3,518,2752,-2,74.02%,"14:58 ET"
SPY,445.83,Call,484,2023-11-17,66,0.36,0.37,0.37,0.37,539,721,-2,10.29%,"15:04 ET"
BITO,13.4,Put,10,2024-01-19,129,0.32,0.43,0.53,0.4,554,7613,-2,58.75%,"14:42 ET"
SPY,445.83,Put,414,2023-09-29,17,0.37,0.38,0.38,0.36,560,2154,-2,20.87%,"14:51 ET"
EWZ,31.42,Call,29.5,2023-09-15,3,1.95,1.98,2.01,1.99,606,565,-2,48.58%,"14:57 ET"
FXI,27.31,Put,25.5,2023-10-20,38,0.3,0.32,0.33,0.31,686,1487,-2,28.53%,"14:27 ET"
IWM,184.16,Call,188,2023-12-15,94,5.33,5.35,5.37,5.45,1004,10039,-2,16.57%,"14:57 ET"
DIA,347.11,Call,357,2023-09-29,17,0.28,0.29,0.3,0.34,1021,258,-2,9.06%,"12:32 ET"
XLI,105.26,Put,104,2023-09-15,3,0.16,0.17,0.17,0.16,1037,879,-2,16.12%,"14:43 ET"
IWM,184.16,Put,160,2023-12-15,94,1.05,1.06,1.07,1.06,1080,101801,-2,23.92%,"15:14 ET"
FXI,27.31,Call,27.85,2023-12-15,94,1.45,1.48,1.5,1.48,1321,6171,-2,30.31%,"12:33 ET"
XLP,71.75,Put,74,2023-09-15,3,2.25,2.29,2.33,2.22,2001,2288,-2,20.28%,"14:57 ET"
SPY,445.83,Put,349,2023-12-15,94,0.81,0.82,0.82,0.82,2093,754,-2,28.14%,"15:16 ET"
IYR,84.36,Call,85,2023-09-15,3,0.21,0.23,0.25,0.24,2354,19712,-2,16.03%,"14:44 ET"
USO,79.81,Put,70,2023-10-20,38,0.25,0.27,0.29,0.25,3044,1875,-2,29.67%,"13:09 ET"
KRE,43.59,Call,49,2023-10-20,38,0.15,0.16,0.16,0.18,4962,7372,-2,25.42%,"14:14 ET"
GLD,177.47,Put,185,2023-09-15,3,7.4,7.48,7.55,7.55,13317,2779,-2,29.03%,"15:10 ET"
SPY,445.83,Put,375,2024-12-20,465,10.44,10.52,10.61,10.3,2387,6546,-1,22.50%,"14:10 ET"
SPY,445.83,Put,380,2024-03-15,185,3.9,3.93,3.96,3.93,2713,6461,-1,21.98%,"15:14 ET"
IWM,184.16,Put,193,2023-09-15,3,8.74,8.79,8.83,8.55,3290,1186,-1,24.60%,"15:08 ET"
EEM,39.1,Call,42,2023-12-15,94,0.41,0.43,0.44,0.44,5006,21602,-1,16.70%,"14:26 ET"
XLF,34.69,Put,37,2023-09-15,3,2.24,2.26,2.28,2.29,10028,11536,-1,0.00%,"15:03 ET"
SPY,445.83,Put,436,2023-09-19,7,0.62,0.63,0.63,0.62,515,1255,-1,14.81%,"15:16 ET"
ARKK,44.07,Put,43,2023-09-29,17,0.76,0.79,0.81,0.78,536,2653,-1,34.70%,"15:00 ET"
SPY,445.83,Call,448,2024-03-15,185,22.03,22.11,22.19,22.18,669,209,-1,14.46%,"15:00 ET"
QQQ,372.86,Call,378,2023-10-13,31,5.45,5.46,5.47,5.89,672,330,-1,16.49%,"14:36 ET"
QQQ,372.86,Put,361,2023-10-13,31,3.49,3.5,3.5,3.42,686,219,-1,19.87%,"14:58 ET"
XHB,80.48,Put,83,2023-09-15,3,2.33,2.37,2.41,2.33,702,3968,-1,21.12%,"15:16 ET"
SPY,445.83,Put,428,2023-11-17,66,4.15,4.16,4.16,4.12,718,3437,-1,15.88%,"15:15 ET"
EWG,27.22,Put,27,2023-10-20,38,0.43,0.45,0.47,0.45,947,3864,-1,14.75%,"13:21 ET"
TLT,94.19,Call,100,2023-10-06,24,0.11,0.11,0.12,0.11,960,516,-1,15.05%,"14:19 ET"
GLD,177.47,Put,190,2023-09-15,3,12.4,12.48,12.55,12.43,1001,316,-1,43.12%,"15:06 ET"
ARKK,44.07,Call,48,2023-09-29,17,0.2,0.21,0.22,0.21,1016,477,-1,33.27%,"14:59 ET"
KRE,43.59,Put,50,2023-09-15,3,6.3,6.35,6.4,6.4,1050,1145,-1,87.62%,"15:04 ET"
XLF,34.69,Put,35,2024-01-19,129,1.22,1.23,1.23,1.17,1097,39378,-1,15.69%,"14:27 ET"
TLT,94.19,Put,106,2023-09-15,3,11.8,11.85,11.9,11.8,1660,352,-1,62.75%,"15:05 ET"
EEM,39.1,Call,39,2023-09-22,10,0.46,0.49,0.51,0.49,500,175,unch,16.42%,"14:51 ET"
HYG,74.68,Put,75,2024-01-19,129,1.61,1.82,2.03,1.67,500,3059,unch,10.59%,"14:25 ET"
SQQQ,18.5,Call,91,2024-01-19,129,0.12,0.13,0.13,0.13,500,112,unch,119.54%,"10:27 ET"
SPY,445.83,Put,150,2025-12-19,829,1.23,1.29,1.35,1.14,501,20338,unch,39.54%,"13:46 ET"
EWG,27.22,Put,29,2023-10-20,38,1.74,1.79,1.84,1.78,502,1175,unch,0.00%,"14:02 ET"
IWM,184.16,Put,142,2024-03-15,185,1.07,1.09,1.1,1.06,504,150,unch,27.59%,"13:18 ET"
VGLT,58.6,Call,59,2023-09-15,3,0.15,0.2,0.25,0.18,510,511,unch,16.00%,"10:10 ET"
SPY,445.83,Call,387,2023-09-15,3,58.75,58.88,59.01,60.15,515,1027,unch,71.31%,"10:46 ET"
GDX,28.81,Put,34,2023-09-15,3,5.1,5.15,5.2,5.15,541,338,unch,87.22%,"15:09 ET"
SPY,445.83,Call,457,2023-12-15,94,8.05,8.06,8.07,8.28,546,11839,unch,11.92%,"14:51 ET"
LQD,104.49,Put,104.5,2023-09-15,3,0.33,0.37,0.4,0.42,550,275,unch,9.99%,"12:20 ET"
EWZ,31.42,Put,24,2024-01-19,129,0.31,0.32,0.33,0.32,571,4092,unch,38.11%,"10:34 ET"
XOP,153.5,Call,150,2024-01-19,129,12.35,12.45,12.55,12.25,572,5655,unch,25.36%,"11:21 ET"
XLB,81.91,Put,82,2023-10-20,38,1.5,1.55,1.6,1.55,574,217,unch,15.62%,"15:02 ET"
XME,51.69,Call,55,2024-01-19,129,1.85,1.9,1.95,1.95,574,3576,unch,23.55%,"13:29 ET"
GLD,177.47,Call,200,2025-01-17,493,8.1,8.23,8.35,8.2,579,11141,unch,14.16%,"15:07 ET"
QQQ,372.86,Put,301,2023-12-29,108,1.68,1.69,1.71,1.64,580,583,unch,28.81%,"14:23 ET"
XLF,34.69,Put,33,2024-06-21,283,1.21,1.21,1.22,1.21,586,25000,unch,19.46%,"15:06 ET"
IWM,184.16,Put,197,2023-09-15,3,12.74,12.79,12.83,12.61,590,149,unch,33.56%,"15:02 ET"
SPY,445.83,Put,403,2023-09-29,17,0.2,0.21,0.21,0.19,597,7932,unch,24.13%,"14:45 ET"
BTCC-B.TO,5.11,Call,5.5,2023-11-17,66,0.16,0.19,0.22,0.17,600,580,unch,34.34%,"10:37 ET"
QQQ,372.86,Put,290,2024-03-15,185,2.82,2.83,2.84,2.72,614,13561,unch,28.95%,"12:27 ET"
IWM,184.16,Put,150,2024-06-21,283,2.7,2.72,2.74,2.74,620,56246,unch,25.37%,"10:58 ET"
XLF,34.69,Call,37,2023-12-29,108,0.29,0.3,0.3,0.33,626,982,unch,12.18%,"14:19 ET"
SQQQ,18.5,Put,17,2024-01-19,129,1.66,1.69,1.71,1.73,647,1024,unch,59.89%,"14:34 ET"
XLF,34.69,Put,31,2024-06-21,283,0.8,0.81,0.81,0.8,647,10540,unch,21.47%,"15:11 ET"
IWM,184.16,Put,144,2024-06-21,283,2.15,2.17,2.19,2.2,671,1395,unch,26.54%,"11:04 ET"
SPY,445.83,Put,378,2023-12-15,94,1.49,1.5,1.5,1.48,691,1542,unch,23.42%,"15:11 ET"
QQQ,372.86,Put,398,2024-03-15,185,30.42,30.49,30.55,30.09,704,845,unch,18.29%,"14:50 ET"
QQQ,372.86,Put,275,2023-10-20,38,0.17,0.18,0.18,0.16,710,4547,unch,42.21%,"13:32 ET"
SPY,445.83,Put,410,2024-03-28,198,7.54,7.6,7.66,7.29,713,6691,unch,18.85%,"12:26 ET"
IWM,184.16,Put,149,2024-03-15,185,1.47,1.48,1.5,1.43,768,609,unch,25.82%,"14:02 ET"
DIA,347.11,Call,361,2023-10-06,24,0.19,0.2,0.2,0.25,770,773,unch,8.92%,"13:57 ET"
IWM,184.16,Put,160,2024-09-20,374,5.17,5.23,5.28,5.05,800,7098,unch,23.49%,"14:31 ET"
XLF,34.69,Put,31,2024-01-19,129,0.33,0.34,0.34,0.32,800,34241,unch,21.14%,"14:32 ET"
SPY,445.83,Call,510,2024-03-15,185,1.13,1.15,1.16,1.19,806,9109,unch,10.76%,"14:19 ET"
KRE,43.59,Put,43,2023-10-13,31,1.19,1.21,1.22,1.19,813,235,unch,31.02%,"15:19 ET"
XLP,71.75,Put,78,2023-09-15,3,6.25,6.3,6.35,6.2,840,102,unch,50.81%,"15:10 ET"
SPY,445.83,Put,395,2023-12-15,94,2.25,2.26,2.27,2.23,842,17342,unch,20.83%,"14:55 ET"
SPY,445.83,Call,441,2023-09-13,1,4.88,4.97,5.06,5.32,843,231,unch,18.60%,"15:00 ET"
IWM,184.16,Put,146,2024-03-15,185,1.28,1.3,1.31,1.25,852,628,unch,26.56%,"14:00 ET"
KWEB,28,Put,26,2023-11-17,66,0.84,0.86,0.87,0.84,865,1820,unch,37.84%,"14:40 ET"
XLP,71.75,Put,77,2023-09-15,3,5.25,5.3,5.35,5.35,870,114,unch,44.39%,"15:10 ET"
XHB,80.48,Put,72,2024-03-15,185,2.22,2.28,2.34,2.14,900,915,unch,28.64%,"13:41 ET"
XLF,34.69,Put,32,2024-01-19,129,0.45,0.46,0.46,0.44,910,61194,unch,19.65%,"14:46 ET"
SPY,445.83,Put,405,2024-12-20,465,15.42,15.53,15.63,15.16,912,6446,unch,20.49%,"12:49 ET"
GLD,177.47,Put,191,2023-09-15,3,13.4,13.48,13.55,13.49,914,184,unch,39.44%,"15:04 ET"
BTCC-B.TO,5.11,Call,5.25,2023-09-29,17,0.07,0.1,0.12,0.1,916,1700,unch,34.03%,"11:17 ET"
NVDS,38.15,Call,10,2023-12-15,94,0.1,0.25,0.4,0.3,946,1567,unch,0.00%,"12:11 ET"
ITB,83.23,Put,79,2023-10-20,38,1.1,1.15,1.2,1,947,237,unch,27.92%,"13:47 ET"
QQQ,372.86,Put,270,2024-03-15,185,1.81,1.82,1.83,1.8,984,54401,unch,31.39%,"10:25 ET"
UNG,7.07,Call,5.5,2023-09-29,17,1.57,1.59,1.61,1.62,995,1066,unch,58.35%,"11:50 ET"
ARKK,44.07,Put,36,2024-06-21,283,2.32,2.34,2.37,2.31,1000,1334,unch,43.09%,"14:39 ET"
XLP,71.75,Put,74,2023-12-15,94,2.78,2.86,2.94,2.62,1000,1579,unch,12.72%,"11:04 ET"
UVXY,13.94,Put,10,2024-01-19,129,1.05,1.11,1.16,1.17,1001,661,unch,97.97%,"15:00 ET"
ARKK,44.07,Call,44,2024-06-21,283,6.5,6.58,6.65,6.66,1002,1301,unch,36.72%,"14:39 ET"
IWM,184.16,Call,196,2023-12-15,94,2.28,2.3,2.31,2.54,1039,1853,unch,15.48%,"13:21 ET"
GLD,177.47,Put,193,2023-11-17,66,15.4,15.45,15.5,15.55,1115,192,unch,16.14%,"15:10 ET"
SPY,445.83,Call,455,2024-12-20,465,40.24,40.35,40.45,41.5,1159,12205,unch,16.45%,"12:45 ET"
SPY,445.83,Call,510,2024-12-20,465,13.1,13.21,13.32,13.25,1202,12255,unch,13.36%,"14:51 ET"
XLI,105.26,Put,105,2023-12-15,94,2.7,2.73,2.75,2.59,1203,827,unch,15.96%,"12:38 ET"
XLF,34.69,Call,39,2024-01-19,129,0.1,0.11,0.11,0.11,1285,9079,unch,12.61%,"12:23 ET"
FXY,63.18,Call,68,2024-03-15,185,0.65,0.83,1,0.8,1298,515,unch,10.50%,"15:02 ET"
SPY,445.83,Put,300,2024-12-20,465,3.88,3.94,3.99,3.89,1303,9470,unch,27.96%,"14:50 ET"
FXI,27.31,Call,31.85,2023-12-15,94,0.32,0.33,0.35,0.32,1325,52299,unch,28.15%,"11:41 ET"
UCO,35.67,Call,50,2024-01-19,129,0.8,0.85,0.9,0.85,1334,1668,unch,49.19%,"11:53 ET"
XBI,79.19,Put,88,2023-09-15,3,8.7,8.75,8.8,8.75,1474,505,unch,54.59%,"15:09 ET"
GDX,28.81,Call,32,2024-09-20,374,2.69,2.75,2.81,2.78,1500,210,unch,28.92%,"13:22 ET"
XLU,63.6,Put,68,2023-09-15,3,4.4,4.45,4.5,4.5,1520,236,unch,42.49%,"15:10 ET"
XLY,171.86,Put,170,2024-01-19,129,6.3,6.45,6.6,6.2,1527,1816,unch,21.02%,"13:13 ET"
SPY,445.83,Put,395,2023-11-17,66,1.3,1.31,1.31,1.29,1570,11263,unch,21.17%,"15:13 ET"
XBI,79.19,Put,100,2024-01-19,129,20.7,20.75,20.8,20.7,1772,1181,unch,30.41%,"15:08 ET"
XLU,63.6,Put,67,2023-09-15,3,3.4,3.45,3.5,3.5,1791,1271,unch,34.86%,"15:10 ET"
XLE,92.88,Call,106,2023-12-15,94,0.45,0.46,0.46,0.46,1803,333,unch,18.92%,"15:00 ET"
VNQ,81.59,Put,60,2024-01-19,129,0.1,0.2,0.3,0.3,1850,333,unch,32.68%,"10:45 ET"
IYR,84.36,Call,85,2023-10-20,38,1.07,1.1,1.12,1.09,1870,296,unch,11.99%,"14:26 ET"
GLD,177.47,Put,195,2023-12-15,94,17.4,17.45,17.5,17.45,1920,355,unch,16.20%,"15:08 ET"
GLD,177.47,Put,196,2023-12-15,94,18.4,18.45,18.5,18.55,1944,351,unch,16.82%,"15:08 ET"
XBI,79.19,Put,115,2024-06-21,283,35.5,35.73,35.95,35.95,1983,700,unch,37.30%,"15:09 ET"
EFA,70.87,Put,70,2024-01-19,129,1.63,1.67,1.71,1.65,2000,16759,unch,11.96%,"13:01 ET"
GLD,177.47,Put,180,2024-09-20,374,7.3,7.38,7.45,7.45,2000,660,unch,13.38%,"14:07 ET"
IEF,93.47,Put,93,2023-10-20,38,0.62,0.65,0.67,0.65,2000,10671,unch,8.47%,"14:33 ET"
QQQ,372.86,Put,350,2024-12-20,465,20.26,20.45,20.63,19.98,2000,5617,unch,23.61%,"10:58 ET"
DIA,347.11,Call,372,2024-01-19,129,1.8,1.86,1.92,2.07,2001,2474,unch,9.19%,"13:38 ET"
SQQQ,18.5,Call,60,2024-01-19,129,0.22,0.23,0.24,0.21,2001,1440,unch,103.53%,"13:15 ET"
EFA,70.87,Call,75,2024-01-19,129,0.73,0.78,0.83,0.79,2014,7349,unch,13.67%,"15:14 ET"
LQD,104.49,Call,106,2023-10-20,38,0.66,0.68,0.7,0.68,2019,272,unch,8.31%,"15:13 ET"
TLT,94.19,Put,113,2024-01-19,129,18.8,18.88,18.95,18.85,2102,688,unch,24.61%,"15:09 ET"
IWM,184.16,Put,155,2024-03-15,185,1.95,1.96,1.98,1.97,2500,40228,unch,24.42%,"11:27 ET"
FXI,27.31,Call,29.85,2023-12-15,94,0.71,0.73,0.74,0.73,2564,33332,unch,28.92%,"11:58 ET"
SQQQ,18.5,Call,22.5,2023-09-29,17,0.13,0.14,0.14,0.12,2779,3011,unch,68.10%,"11:31 ET"
GDX,28.81,Put,28,2024-06-21,283,2.19,2.22,2.24,2.23,3000,1331,unch,31.18%,"14:23 ET"
IWM,184.16,Put,157,2025-01-17,493,6.19,6.24,6.29,6.05,3000,3350,unch,24.36%,"10:12 ET"
XLP,71.75,Put,76,2023-09-15,3,4.25,4.3,4.35,4.29,3110,582,unch,37.73%,"15:10 ET"
XBI,79.19,Put,110,2024-01-19,129,30.6,30.83,31.05,30.63,3237,1134,unch,44.05%,"15:09 ET"
XLI,105.26,Put,111,2023-09-15,3,5.6,5.68,5.75,5.7,3281,144,unch,28.59%,"15:09 ET"
EFA,70.87,Call,69,2023-09-15,3,1.93,1.98,2.04,2.15,3924,15603,unch,26.74%,"13:28 ET"
GDX,28.81,Put,33,2023-09-15,3,4.1,4.15,4.2,4.15,4160,4513,unch,73.68%,"15:09 ET"
IWM,184.16,Put,180,2024-06-21,283,8.77,8.8,8.83,8.66,4513,49133,unch,20.31%,"14:43 ET"
XBI,79.19,Put,85,2023-09-15,3,5.7,5.75,5.8,5.75,4563,4945,unch,38.90%,"15:09 ET"
GLD,177.47,Put,186,2023-09-15,3,8.4,8.48,8.55,8.55,4838,946,unch,31.96%,"15:10 ET"
FXI,27.31,Call,29.85,2025-01-17,493,2.76,2.91,3.05,2.85,5000,3334,unch,29.31%,"15:15 ET"
SOXS,10.44,Call,19,2023-10-20,38,0.05,0.08,0.1,0.1,5001,5014,unch,110.81%,"15:03 ET"
EEM,39.1,Put,39,2025-01-17,493,2.79,2.88,2.96,2.86,5250,3416,unch,19.69%,"13:00 ET"
ITB,83.23,Put,84,2023-09-29,17,2.1,2.18,2.25,2,5322,251,unch,26.17%,"14:29 ET"
EFA,70.87,Put,77,2023-12-15,94,6.05,6.15,6.25,6,5517,1500,unch,9.51%,"15:09 ET"
GDX,28.81,Call,23,2023-10-20,38,6,6.05,6.1,6,6000,6537,unch,30.76%,"10:53 ET"
GDX,28.81,Call,23,2023-09-15,3,5.85,5.88,5.9,5.86,6001,10629,unch,129.23%,"10:53 ET"
EFA,70.87,Put,80,2023-12-15,94,9.05,9.15,9.25,9,6401,2031,unch,14.06%,"15:09 ET"
IWM,184.16,Put,175,2025-01-17,493,10.53,10.61,10.68,10.53,8000,2427,unch,21.95%,"11:02 ET"
XIU.TO,30.61,Put,30,2023-12-15,94,0.39,0.45,0.5,0.5,8000,44321,unch,14.68%,"11:03 ET"
SLV,21.14,Put,24,2023-09-15,3,2.82,2.84,2.86,2.86,9778,15301,unch,79.31%,"15:10 ET"
EEM,39.1,Call,34,2023-09-15,3,5.1,5.15,5.2,5.15,10000,99001,unch,87.02%,"14:05 ET"
EEM,39.1,Call,41,2023-12-15,94,0.7,0.72,0.73,0.73,10001,31849,unch,17.22%,"12:54 ET"
EWZ,31.42,Call,32,2023-12-15,94,1.66,1.68,1.7,1.74,10002,23866,unch,28.89%,"11:25 ET"
IWM,184.16,Call,205,2023-12-15,94,0.7,0.71,0.72,0.72,10003,30380,unch,14.98%,"15:08 ET"
LQD,104.49,Put,104,2023-12-15,94,1.75,1.8,1.84,1.82,10003,1514,unch,11.77%,"15:12 ET"
FXI,27.31,Put,25.85,2023-12-15,94,0.8,0.82,0.84,0.83,10055,63380,unch,27.84%,"11:21 ET"
EEM,39.1,Put,39,2023-12-15,94,1.05,1.07,1.09,1.05,10250,171309,unch,15.45%,"14:26 ET"
EFA,70.87,Call,71,2023-11-17,66,1.87,1.93,1.98,1.96,10655,368,unch,17.35%,"14:56 ET"
EEM,39.1,Put,35,2024-06-21,283,0.97,1,1.02,0.98,11000,90903,unch,21.34%,"14:33 ET"
EEM,39.1,Call,37,2023-09-15,3,2.11,2.14,2.16,2.14,18000,72322,unch,38.69%,"13:18 ET"
EEM,39.1,Put,50,2023-12-15,94,10.85,10.9,10.95,10.85,20036,6101,unch,32.98%,"15:10 ET"
EEM,39.1,Put,45,2023-12-15,94,5.8,5.9,6,5.95,20283,6311,unch,21.43%,"15:10 ET"
SLV,21.14,Put,32,2023-09-15,3,10.8,10.85,10.9,10.8,22320,5750,unch,243.99%,"15:10 ET"
EEM,39.1,Call,35,2023-09-15,3,4.1,4.15,4.2,4.14,25000,151511,unch,68.31%,"15:01 ET"
SLV,21.14,Put,30,2023-09-15,3,8.8,8.85,8.9,8.84,31920,23891,unch,0.00%,"15:10 ET"
KRE,43.59,Call,45,2023-10-13,31,0.75,0.76,0.77,0.75,34723,303,unch,24.27%,"15:13 ET"
EEM,39.1,Put,55,2023-12-15,94,15.85,15.93,16,15.83,48148,17000,unch,41.27%,"15:10 ET"
USO,79.81,Put,78,2023-09-29,17,0.87,0.9,0.93,0.9,6623,121,+1,25.02%,"14:30 ET"
SPY,445.83,Put,350,2024-09-20,374,5.83,5.88,5.93,5.75,502,5170,+1,24.33%,"12:31 ET"
SLV,21.14,Put,22,2023-09-29,17,0.93,0.94,0.95,0.94,519,2859,+1,22.90%,"15:18 ET"
QQQ,372.86,Put,331,2023-12-15,94,3.34,3.35,3.36,3.33,548,796,+1,24.68%,"15:14 ET"
HYG,74.68,Put,73.5,2023-10-06,24,0.2,0.22,0.24,0.22,623,1546,+1,9.08%,"13:19 ET"
GDX,28.81,Put,28,2024-01-19,129,1.44,1.46,1.47,1.47,626,42836,+1,30.89%,"13:48 ET"
QQQ,372.86,Put,376,2024-03-15,185,18.97,19.01,19.04,18.47,684,439,+1,20.04%,"14:04 ET"
SPY,445.83,Put,380,2025-01-17,493,9.5,10.71,11.91,11.75,702,2555,+1,22.11%,"14:55 ET"
SPY,445.83,Put,320,2023-12-29,108,0.58,0.59,0.59,0.58,734,3076,+1,31.92%,"15:04 ET"
ASHR,26.29,Put,25,2023-10-20,38,0.23,0.24,0.24,0.23,755,12013,+1,22.15%,"15:04 ET"
FXI,27.31,Put,26.85,2024-01-19,129,1.54,1.57,1.59,1.54,810,21391,+1,28.91%,"14:55 ET"
KBE,38.47,Put,38,2023-09-15,3,0.15,0.18,0.2,0.15,913,4814,+1,25.89%,"14:53 ET"
UVXY,13.94,Put,12,2024-01-19,129,2.08,2.16,2.23,2.18,1000,578,+1,105.61%,"14:57 ET"
EWZ,31.42,Put,27,2023-11-17,66,0.22,0.23,0.24,0.23,1006,16496,+1,31.51%,"10:06 ET"
XLF,34.69,Put,30,2023-12-15,94,0.15,0.16,0.16,0.15,1078,23635,+1,22.72%,"14:42 ET"
IWM,184.16,Call,210,2023-12-15,94,0.35,0.36,0.36,0.36,1126,45248,+1,14.97%,"15:08 ET"
XLE,92.88,Put,81,2023-11-17,66,0.42,0.43,0.43,0.42,1203,4206,+1,25.70%,"12:55 ET"
TQQQ,40.53,Put,45,2023-10-20,38,5.4,5.45,5.5,5.25,1315,339,+1,50.15%,"14:50 ET"
IWM,184.16,Call,175,2023-09-29,17,9.8,9.85,9.89,10.48,1534,1079,+1,18.55%,"10:20 ET"
KRE,43.59,Call,45.5,2023-10-13,31,0.59,0.6,0.61,0.61,1815,420,+1,24.63%,"14:59 ET"
XLE,92.88,Call,98,2023-10-20,38,0.51,0.52,0.52,0.53,1825,1278,+1,17.07%,"15:10 ET"
FXI,27.31,Call,28.5,2023-09-29,17,0.25,0.27,0.29,0.28,604,266,+2,29.98%,"13:41 ET"
IWM,184.16,Put,147,2024-03-15,185,1.34,1.36,1.37,1.32,820,659,+2,26.31%,"12:43 ET"
SPY,445.83,Put,412,2023-10-20,38,1.05,1.06,1.06,1.06,979,2360,+2,18.96%,"15:16 ET"
XBI,79.19,Call,80,2023-09-22,10,0.8,0.83,0.85,0.91,1031,1521,+2,21.15%,"14:34 ET"
SQQQ,18.5,Call,20,2024-01-19,129,2.06,2.09,2.11,2.1,1281,13596,+2,57.90%,"15:15 ET"
QQQ,372.86,Call,430,2023-12-29,108,0.93,0.94,0.95,0.97,2638,3898,+2,15.48%,"14:48 ET"
GDX,28.81,Call,31,2024-01-19,129,1.16,1.18,1.2,1.19,3608,12754,+2,26.48%,"14:23 ET"
MSOS,8.49,Call,7.5,2023-09-29,17,1.3,1.34,1.37,1.3,8792,4730,+2,125.56%,"14:40 ET"
HYG,74.68,Put,70,2023-11-17,66,0.13,0.14,0.14,0.14,50704,104959,+3,12.00%,"15:14 ET"
XOP,153.5,Put,142,2023-09-22,10,0.17,0.18,0.18,0.17,526,3533,+3,29.62%,"14:08 ET"
SPY,445.83,Put,455,2024-12-20,465,29.36,29.53,29.7,28.75,621,9923,+3,17.17%,"13:49 ET"
XLP,71.75,Put,72,2023-09-15,3,0.42,0.43,0.43,0.43,635,7910,+3,9.71%,"15:14 ET"
SPY,445.83,Put,455,2023-09-15,3,10.54,10.67,10.8,10.78,838,16550,+3,29.43%,"15:15 ET"
IWM,184.16,Call,183,2023-09-15,3,2.03,2.05,2.07,2.19,1084,4702,+3,19.77%,"14:57 ET"
IWM,184.16,Put,188,2023-10-20,38,5.9,5.93,5.95,5.92,1247,12925,+3,17.44%,"15:15 ET"
IWM,184.16,Put,178,2023-11-17,66,2.88,2.9,2.91,2.93,2074,3128,+3,19.18%,"11:01 ET"
XLF,34.69,Call,36,2024-06-21,283,1.87,1.89,1.9,1.97,533,31808,+4,16.24%,"13:43 ET"
UVXY,13.94,Call,40,2024-01-19,129,0.87,0.9,0.92,0.85,694,3718,+4,137.12%,"13:23 ET"
TSLQ,30.44,Call,31,2023-09-15,3,0.25,0.33,0.4,0.33,732,211,+4,53.81%,"14:11 ET"
QQQ,372.86,Call,370,2023-09-22,10,6.09,6.14,6.18,6.24,802,3008,+4,18.02%,"15:14 ET"
SPY,445.83,Call,490,2023-12-29,108,0.81,0.82,0.82,0.81,961,5673,+4,10.20%,"15:06 ET"
USO,79.81,Put,77,2023-09-29,17,0.6,0.63,0.65,0.6,1029,434,+4,24.87%,"13:52 ET"
QQQ,372.86,Call,400,2023-12-29,108,5.62,5.64,5.66,5.68,1240,5088,+4,16.53%,"15:13 ET"
SPY,445.83,Call,445,2023-12-29,108,15.9,15.95,15.99,16.03,1279,1633,+4,12.93%,"15:06 ET"
QQQ,372.86,Call,372,2023-09-14,2,2.78,2.8,2.81,2.84,2304,4325,+4,22.14%,"15:16 ET"
EEM,39.1,Call,35,2023-10-20,38,4.3,4.35,4.4,4.35,10000,66769,+4,27.69%,"14:05 ET"
HYG,74.68,Call,75,2023-10-20,38,0.42,0.44,0.45,0.44,3260,93957,+5,4.85%,"15:12 ET"
XLE,92.88,Put,90,2023-09-22,10,0.4,0.41,0.42,0.39,524,476,+5,23.25%,"15:13 ET"
SPY,445.83,Call,515,2023-12-29,108,0.15,0.16,0.16,0.17,560,4807,+5,11.13%,"13:31 ET"
UVXY,13.94,Call,17,2023-09-22,10,0.2,0.21,0.21,0.2,580,1286,+5,107.39%,"15:19 ET"
IWM,184.16,Call,184,2023-10-06,24,3.19,3.21,3.22,3.51,635,248,+5,15.12%,"14:31 ET"
KRE,43.59,Put,42.5,2023-09-22,10,0.43,0.44,0.44,0.43,653,938,+5,31.91%,"15:19 ET"
QQQ,372.86,Call,381,2023-09-29,17,2.24,2.25,2.26,2.31,731,3545,+5,15.94%,"15:10 ET"
QQQ,372.86,Call,378,2023-12-15,94,13.73,13.75,13.77,13.9,818,2219,+5,18.47%,"14:57 ET"
QQQ,372.86,Call,440,2024-03-15,185,2.54,2.55,2.56,2.65,878,2394,+5,16.28%,"13:57 ET"
XOP,153.5,Put,152,2023-09-22,10,1.95,1.97,1.99,1.85,1002,470,+5,26.50%,"14:20 ET"
SPY,445.83,Call,441,2023-09-12,0,4.63,4.68,4.73,5.8,1101,1935,+5,10.00%,"14:19 ET"
XHB,80.48,Call,88,2023-10-20,38,0.22,0.24,0.26,0.27,1106,155,+5,19.35%,"15:14 ET"
LQD,104.49,Put,104,2023-09-15,3,0.19,0.2,0.21,0.2,1752,12472,+5,10.89%,"15:16 ET"
GLD,177.47,Call,181,2023-10-20,38,1.32,1.33,1.33,1.33,533,4028,+6,10.22%,"15:17 ET"
QQQ,372.86,Call,400,2024-01-19,129,7.21,7.22,7.22,7.28,594,35102,+6,16.76%,"15:14 ET"
UNG,7.07,Call,6.5,2023-09-29,17,0.67,0.69,0.7,0.67,814,1856,+6,49.16%,"14:37 ET"
USO,79.81,Call,81,2023-09-29,17,1.15,1.19,1.24,1.18,835,105,+6,23.79%,"14:50 ET"
EFA,70.87,Put,64,2023-11-17,66,0.2,0.23,0.25,0.23,984,38493,+6,18.08%,"10:09 ET"
SPY,445.83,Put,410,2024-03-15,185,6.99,7.02,7.05,6.95,3060,11140,+6,18.70%,"14:51 ET"
XLE,92.88,Call,93,2023-10-20,38,2.13,2.14,2.14,2.16,17901,15554,+6,17.05%,"15:07 ET"
SPY,445.83,Put,360,2023-10-20,38,0.19,0.2,0.2,0.19,35218,34725,+6,30.61%,"14:25 ET"
ARKK,44.07,Call,43,2023-12-15,94,4.05,4.1,4.15,4.17,20657,270,+7,36.10%,"14:09 ET"
EEM,39.1,Put,35,2023-11-17,66,0.13,0.15,0.16,0.13,25000,6648,+7,20.18%,"15:01 ET"
GLD,177.47,Call,177.5,2023-09-15,3,0.83,0.84,0.85,0.84,667,371,+7,12.27%,"15:04 ET"
SPY,445.83,Put,441,2023-10-20,38,5.06,5.06,5.07,5.08,1392,4411,+7,13.80%,"15:15 ET"
IEF,93.47,Call,94,2023-10-20,38,0.83,0.86,0.88,0.83,2023,10144,+7,7.22%,"14:55 ET"
BITO,13.4,Call,14,2023-09-22,10,0.14,0.16,0.18,0.14,587,2724,+8,37.72%,"14:11 ET"
EEM,39.1,Put,38,2023-11-17,66,0.53,0.55,0.57,0.54,1000,7454,+8,16.23%,"11:50 ET"
KWEB,28,Call,28,2023-09-22,10,0.71,0.72,0.73,0.75,1311,248,+8,38.57%,"14:44 ET"
XLV,132.6,Put,133,2023-09-15,3,0.68,0.72,0.75,0.52,2042,9350,+8,10.97%,"13:53 ET"
SPY,445.83,Put,434,2023-09-22,10,0.94,0.95,0.95,0.93,2315,3251,+8,16.26%,"15:15 ET"
FXI,27.31,Call,30,2023-10-20,38,0.22,0.23,0.24,0.23,7022,67875,+8,29.05%,"14:23 ET"
XOP,153.5,Put,150,2023-09-22,10,1.22,1.24,1.26,1.12,2450,2577,+9,26.39%,"14:32 ET"
IWM,184.16,Put,182,2023-09-29,17,1.88,1.88,1.89,1.89,2573,15084,+9,18.93%,"15:19 ET"
TSLL,17.31,Put,17,2023-10-20,38,1.5,1.55,1.6,1.55,2850,227,+9,80.35%,"15:16 ET"
GDX,28.81,Put,32,2023-09-15,3,3.1,3.15,3.2,3.1,3629,2164,+9,78.02%,"15:08 ET"
XLE,92.88,Put,92,2024-01-19,129,4.1,4.13,4.15,4.05,10033,880,+9,23.26%,"14:25 ET"
SPY,445.83,Call,441,2023-09-15,3,5.33,5.47,5.6,5.55,502,11455,+9,15.40%,"15:08 ET"
TSLL,17.31,Put,16,2023-09-22,10,0.25,0.3,0.35,0.31,623,523,+9,75.09%,"14:24 ET"
SPY,445.83,Put,315,2023-11-17,66,0.21,0.22,0.22,0.21,828,10592,+9,36.25%,"14:49 ET"
QQQ,372.86,Put,360,2023-09-20,8,0.77,0.78,0.78,0.75,847,731,+9,21.45%,"15:03 ET"
QQQ,372.86,Put,375,2024-01-19,129,15.43,15.45,15.46,15.45,1151,15080,+9,19.27%,"15:17 ET"
XLE,92.88,Call,95,2023-09-29,17,0.52,0.53,0.53,0.54,1782,4508,+9,16.07%,"15:09 ET"
ARKK,44.07,Put,45,2024-01-19,129,3.95,4.03,4.1,4,502,6088,+10,37.45%,"15:05 ET"
XLF,34.69,Put,34.5,2023-09-22,10,0.24,0.25,0.25,0.25,720,511,+10,15.87%,"15:15 ET"
SPY,445.83,Call,446,2023-09-19,7,2.25,2.26,2.27,2.29,1111,568,+10,9.22%,"15:15 ET"
XLE,92.88,Put,75,2025-01-17,493,3.45,3.5,3.55,3.45,1755,10799,+10,29.42%,"14:22 ET"
HYG,74.68,Put,74,2023-09-22,10,0.1,0.12,0.13,0.12,1889,21613,+10,7.74%,"12:43 ET"
SPY,445.83,Put,350,2023-10-20,38,0.14,0.15,0.15,0.14,4579,29851,+10,32.74%,"11:55 ET"
SPY,445.83,Put,402,2023-12-15,94,2.71,2.72,2.72,2.69,9272,1013,+10,19.80%,"15:07 ET"
UNG,7.07,Call,6,2024-01-19,129,1.79,1.83,1.87,1.83,501,16410,+11,75.03%,"14:51 ET"
XLF,34.69,Put,33,2023-12-15,94,0.45,0.46,0.46,0.44,630,59152,+11,17.74%,"14:43 ET"
GLD,177.47,Call,178,2023-09-22,10,1.15,1.16,1.17,1.16,1216,309,+12,10.79%,"15:18 ET"
IYR,84.36,Put,83,2023-09-15,3,0.1,0.12,0.13,0.1,2246,2908,+12,17.29%,"13:23 ET"
QQQ,372.86,Call,395,2023-10-20,38,1.3,1.31,1.31,1.29,3344,26656,+12,15.08%,"15:15 ET"
SPXL,88.83,Put,89,2023-09-15,3,1.4,1.48,1.55,1.45,536,210,+13,40.86%,"15:15 ET"
SPY,445.83,Put,421,2023-11-17,66,3.15,3.16,3.17,3.13,1027,6337,+13,16.93%,"15:00 ET"
SQQQ,18.5,Call,19,2023-10-20,38,1.07,1.08,1.08,1.07,951,20076,+14,51.65%,"15:19 ET"
SOXS,10.44,Call,9,2023-10-20,38,1.75,1.78,1.8,1.7,1014,3355,+14,66.61%,"11:37 ET"
QQQ,372.86,Put,374,2023-09-20,8,4.58,4.64,4.69,4.52,1041,231,+14,18.52%,"15:12 ET"
SPY,445.83,Put,390,2023-10-27,45,0.58,0.59,0.59,0.54,35066,261,+14,22.96%,"14:16 ET"
SPY,445.83,Put,380,2023-12-15,94,1.56,1.57,1.57,1.5,10300,39302,+15,23.11%,"14:40 ET"
XLE,92.88,Put,92,2023-09-22,10,1.04,1.05,1.05,1,663,501,+15,23.59%,"14:50 ET"
SPY,445.83,Call,443,2023-09-13,1,3.25,3.29,3.32,3.26,605,2256,+16,17.09%,"15:15 ET"
QQQ,372.86,Put,365,2023-11-17,66,7.74,7.75,7.76,7.64,1286,3148,+16,19.75%,"15:10 ET"
SPY,445.83,Call,450,2023-09-19,7,0.78,0.79,0.79,0.8,1628,1008,+16,9.07%,"15:17 ET"
XLE,92.88,Put,93,2023-10-20,38,2.49,2.51,2.52,2.48,3176,507,+17,21.58%,"15:01 ET"
GLD,177.47,Call,182,2023-10-20,38,1.03,1.04,1.05,1.04,546,11172,+17,10.28%,"15:01 ET"
IWM,184.16,Put,181,2023-09-22,10,0.89,0.9,0.91,0.89,586,6115,+18,18.10%,"15:18 ET"
XLV,132.6,Call,133,2023-09-15,3,0.43,0.46,0.49,0.61,2124,3632,+18,12.74%,"14:45 ET"
XBI,79.19,Call,80.5,2023-09-15,3,0.22,0.23,0.24,0.24,744,2609,+19,23.53%,"15:15 ET"
TLT,94.19,Call,98,2023-11-17,66,1.1,1.13,1.15,1.1,971,4958,+19,14.36%,"14:52 ET"
QQQ,372.86,Call,390,2023-09-20,8,0.11,0.11,0.12,0.12,1551,599,+19,16.38%,"15:10 ET"
SPY,445.83,Call,451,2023-09-20,8,0.85,0.86,0.86,0.88,1582,487,+19,9.91%,"15:16 ET"
SOXS,10.44,Call,11,2023-09-22,10,0.25,0.3,0.35,0.3,1820,463,+19,74.98%,"15:15 ET"
EEM,39.1,Put,39.5,2023-10-20,38,0.83,0.85,0.87,0.87,1000,705,+20,14.03%,"11:26 ET"
SPY,445.83,Call,454,2023-09-22,10,0.57,0.58,0.58,0.58,1213,3278,+20,10.13%,"15:15 ET"
SPY,445.83,Put,443,2023-09-19,7,2.17,2.18,2.18,2.18,1433,773,+20,14.07%,"15:16 ET"
ARKK,44.07,Put,39,2023-10-20,38,0.41,0.42,0.42,0.41,2145,2801,+20,38.85%,"15:17 ET"
SPY,445.83,Put,432,2023-09-22,10,0.74,0.75,0.75,0.75,2809,3041,+21,16.80%,"15:16 ET"
XLE,92.88,Call,95,2023-09-15,3,0.11,0.11,0.12,0.11,3591,14354,+21,21.91%,"15:16 ET"
QQQ,372.86,Call,374,2023-09-14,2,1.76,1.77,1.78,1.81,5669,4526,+21,21.47%,"15:16 ET"
BOIL,57.54,Put,58,2023-09-15,3,1.95,2,2.05,2,623,523,+21,89.32%,"15:06 ET"
UNG,7.07,Put,7,2023-09-22,10,0.18,0.19,0.19,0.2,726,2089,+21,47.89%,"15:04 ET"
QQQ,372.86,Put,358,2023-09-21,9,0.72,0.73,0.73,0.63,1050,1039,+21,22.02%,"14:35 ET"
VXX,20.97,Put,19.5,2023-09-22,10,0.12,0.13,0.13,0.12,1121,745,+21,45.07%,"15:13 ET"
SOXL,20.99,Call,21,2023-10-20,38,2.06,2.08,2.09,2.07,1195,355,+21,74.80%,"15:19 ET"
VXX,20.97,Put,21.5,2023-09-15,3,0.72,0.74,0.75,0.73,505,2484,+22,59.27%,"15:04 ET"
KRE,43.59,Call,48,2024-01-19,129,1.28,1.29,1.3,1.34,724,3307,+22,25.17%,"13:02 ET"
XOP,153.5,Put,140,2023-10-20,38,0.99,1.01,1.03,0.99,876,1011,+22,28.19%,"15:14 ET"
KWEB,28,Call,33,2023-10-20,38,0.19,0.2,0.2,0.2,1101,6521,+22,39.80%,"13:00 ET"
SPY,445.83,Put,434,2023-09-29,17,1.66,1.67,1.67,1.65,1155,31747,+22,15.62%,"15:16 ET"
SQQQ,18.5,Call,19.5,2023-09-22,10,0.31,0.32,0.33,0.32,1183,2300,+22,55.13%,"15:15 ET"
SPY,445.83,Call,447,2023-09-20,8,2.16,2.17,2.18,2.24,2527,668,+22,9.96%,"15:15 ET"
HYG,74.68,Put,72,2023-10-20,38,0.12,0.14,0.16,0.12,27570,78127,+22,9.92%,"14:42 ET"
SPY,445.83,Call,464,2023-09-29,17,0.13,0.14,0.14,0.14,8048,3353,+23,9.91%,"15:11 ET"
SOXS,10.44,Put,10.5,2023-09-15,3,0.35,0.38,0.4,0.4,1238,170,+24,97.47%,"15:09 ET"
QQQ,372.86,Put,369,2023-09-14,2,0.93,0.94,0.94,0.92,1710,1413,+24,21.26%,"15:16 ET"
IWM,184.16,Call,188,2023-11-17,66,3.86,3.88,3.89,3.88,3013,574,+24,15.85%,"15:19 ET"
QQQ,372.86,Put,378,2023-12-15,94,14.69,14.72,14.74,14.53,776,2160,+25,18.52%,"14:57 ET"
SPY,445.83,Put,440,2023-09-19,7,1.28,1.29,1.29,1.27,949,2908,+25,14.22%,"15:15 ET"
QQQ,372.86,Put,351,2023-09-29,17,0.87,0.88,0.88,0.86,686,2350,+26,22.72%,"15:01 ET"
SPY,445.83,Put,390,2023-10-20,38,0.44,0.45,0.45,0.43,35653,60343,+26,23.63%,"14:57 ET"
XLF,34.69,Put,35,2023-09-22,10,0.5,0.52,0.53,0.5,632,342,+27,15.73%,"14:59 ET"
IYR,84.36,Put,83,2023-10-20,38,1.19,1.21,1.24,1.24,691,303,+27,17.76%,"13:14 ET"
XBI,79.19,Put,77,2023-09-15,3,0.11,0.11,0.12,0.1,1087,9061,+27,27.51%,"13:53 ET"
QQQ,372.86,Put,280,2023-10-20,38,0.19,0.2,0.2,0.19,524,2310,+28,40.46%,"15:14 ET"
KWEB,28,Call,29,2023-10-20,38,0.98,0.99,0.99,0.98,1649,6509,+28,37.41%,"15:09 ET"
SPY,445.83,Call,452,2023-09-14,2,0.19,0.2,0.2,0.19,5822,10018,+28,14.00%,"15:16 ET"
SPY,445.83,Put,439,2023-09-19,7,1.07,1.08,1.08,1.07,791,1184,+30,14.33%,"15:15 ET"
SPY,445.83,Put,436,2023-09-29,17,1.99,2,2,1.99,1604,4683,+30,15.19%,"15:16 ET"
XLU,63.6,Put,60,2023-10-20,38,0.29,0.3,0.3,0.29,939,1806,+31,18.23%,"15:11 ET"
BITO,13.4,Put,12,2023-09-29,17,0.08,0.09,0.1,0.1,1379,3958,+31,50.33%,"14:14 ET"
XHB,80.48,Put,80,2023-10-20,38,1.94,1.97,2,1.97,7844,1491,+32,23.97%,"15:17 ET"
XLF,34.69,Call,36,2024-03-15,185,1.24,1.25,1.26,1.31,581,12989,+33,15.25%,"13:47 ET"
IWM,184.16,Put,182.5,2023-09-15,3,0.55,0.56,0.56,0.54,1011,5899,+33,18.80%,"15:18 ET"
TQQQ,40.53,Put,43,2023-09-15,3,2.66,2.68,2.69,2.6,1772,2456,+33,59.24%,"15:07 ET"
URA,24.88,Call,28,2024-01-19,129,0.9,0.95,1,1,544,11201,+34,32.85%,"13:44 ET"
SPY,445.83,Put,445,2023-12-15,94,10.34,10.35,10.36,10.35,647,10718,+34,14.09%,"15:17 ET"
BOIL,57.54,Call,60.5,2023-09-15,3,0.8,0.85,0.9,0.86,675,372,+34,90.47%,"15:15 ET"
XLI,105.26,Call,106,2023-11-17,66,2.52,2.55,2.57,2.57,1059,162,+34,13.70%,"14:33 ET"
SPY,445.83,Put,445,2023-09-29,17,4.61,4.62,4.63,4.61,21661,58944,+34,13.76%,"15:16 ET"
IWM,184.16,Put,183,2023-09-29,17,2.25,2.26,2.27,2.26,1106,2364,+35,18.72%,"15:18 ET"
GLD,177.47,Put,176,2023-09-22,10,0.53,0.54,0.54,0.54,506,1102,+36,10.47%,"15:16 ET"
UNG,7.07,Call,7,2023-10-13,31,0.52,0.54,0.55,0.53,638,345,+36,58.51%,"15:12 ET"
SPY,445.83,Put,430,2024-01-19,129,8.04,8.06,8.07,7.99,2413,21235,+36,16.17%,"15:12 ET"
KRE,43.59,Call,44,2023-09-29,17,0.76,0.77,0.77,0.73,2573,1695,+36,23.52%,"15:01 ET"
USO,79.81,Call,85,2024-01-19,129,3.6,3.68,3.75,3.7,4338,10300,+37,27.43%,"15:07 ET"
LQD,104.49,Call,107,2023-10-20,38,0.37,0.38,0.38,0.38,568,1002,+37,8.20%,"15:18 ET"
TLT,94.19,Call,100,2023-11-17,66,0.68,0.7,0.72,0.71,595,11920,+37,15.01%,"15:05 ET"
GDX,28.81,Put,29,2023-11-17,66,1.25,1.27,1.28,1.26,612,6679,+37,26.79%,"14:53 ET"
KRE,43.59,Put,40,2023-10-20,38,0.51,0.52,0.52,0.52,868,19212,+37,34.17%,"15:10 ET"
UNG,7.07,Put,7,2024-01-19,129,1.11,1.16,1.2,1.21,912,29843,+38,75.88%,"14:46 ET"
TLT,94.19,Call,95.5,2023-09-22,10,0.44,0.45,0.45,0.46,3670,2090,+38,15.15%,"15:08 ET"
SPY,445.83,Put,444,2023-09-21,9,3.19,3.2,3.2,3.19,658,340,+39,14.81%,"15:17 ET"
SPY,445.83,Put,432,2023-09-18,6,0.23,0.24,0.24,0.23,827,426,+39,15.88%,"15:12 ET"
IWM,184.16,Put,183,2024-09-20,374,11.38,11.47,11.55,11.1,640,1620,+40,20.41%,"09:47 ET"
QQQ,372.86,Call,410,2024-01-19,129,4.45,4.46,4.46,4.48,1009,9139,+40,16.18%,"15:07 ET"
XLE,92.88,Call,100,2023-10-20,38,0.27,0.28,0.28,0.27,15451,18628,+40,17.39%,"14:59 ET"
USO,79.81,Call,81,2023-09-15,3,0.35,0.38,0.41,0.39,2403,3075,+41,29.53%,"15:18 ET"
SPY,445.83,Put,450,2023-12-15,94,12.35,12.36,12.37,12.23,3293,26784,+41,13.56%,"15:00 ET"
IWM,184.16,Call,188,2023-09-22,10,0.72,0.73,0.74,0.79,6221,2609,+41,16.60%,"14:56 ET"
SPY,445.83,Put,433,2023-09-18,6,0.27,0.28,0.28,0.28,752,933,+41,15.65%,"15:16 ET"
FXI,27.31,Call,28,2023-10-20,38,0.74,0.76,0.77,0.75,7818,37241,+43,29.28%,"15:03 ET"
QQQ,372.86,Call,378,2023-09-20,8,1.64,1.65,1.66,1.69,527,150,+43,16.30%,"15:05 ET"
SPY,445.83,Call,490,2024-03-15,185,3.68,3.73,3.77,3.83,549,6553,+43,11.28%,"14:49 ET"
QQQ,372.86,Put,375,2023-09-20,8,5.12,5.18,5.24,5.15,921,101,+43,18.28%,"15:05 ET"
QQQ,372.86,Put,356,2023-09-22,10,0.67,0.68,0.68,0.66,2131,2089,+43,22.49%,"15:15 ET"
KWEB,28,Put,26,2023-09-29,17,0.2,0.21,0.21,0.21,519,283,+44,37.76%,"14:47 ET"
SLV,21.14,Call,26,2024-03-28,198,0.49,0.5,0.5,0.5,520,1684,+44,27.61%,"13:50 ET"
XLU,63.6,Call,63.5,2023-09-22,10,0.44,0.46,0.49,0.45,893,1812,+44,9.79%,"15:07 ET"
SPY,445.83,Put,429,2023-09-22,10,0.52,0.53,0.53,0.53,1026,4984,+44,17.60%,"15:16 ET"
SPY,445.83,Put,430,2023-09-21,9,0.49,0.5,0.5,0.48,1041,1312,+44,17.37%,"15:15 ET"
ARKK,44.07,Call,50,2024-01-19,129,1.8,1.83,1.85,1.86,1061,11077,+44,34.33%,"14:35 ET"
QQQ,372.86,Call,392,2023-09-22,10,0.13,0.14,0.14,0.13,1130,1080,+44,16.17%,"15:11 ET"
SPY,445.83,Put,432,2023-11-17,66,4.88,4.89,4.89,4.85,650,13273,+45,15.30%,"15:06 ET"
KRE,43.59,Put,44,2023-09-15,3,0.62,0.63,0.64,0.62,774,18638,+45,27.41%,"15:10 ET"
SPY,445.83,Put,432.5,2023-10-06,24,2.01,2.01,2.02,1.76,1278,586,+45,15.44%,"14:01 ET"
VXX,20.97,Put,18,2023-10-06,24,0.08,0.1,0.11,0.1,1306,230,+45,46.59%,"13:57 ET"
SPY,445.83,Call,448,2023-09-20,8,1.75,1.76,1.76,1.76,2520,624,+46,9.96%,"15:17 ET"
XLF,34.69,Put,34,2023-09-29,17,0.17,0.18,0.18,0.17,1201,3083,+47,15.46%,"15:07 ET"
XLE,92.88,Put,91.5,2023-09-15,3,0.23,0.24,0.24,0.22,550,789,+48,21.09%,"15:14 ET"
KRE,43.59,Call,43.5,2023-09-22,10,0.73,0.74,0.74,0.89,1827,928,+48,21.76%,"13:56 ET"
SPY,445.83,Put,437,2023-09-19,7,0.74,0.75,0.75,0.68,549,1577,+49,14.64%,"15:01 ET"
SPY,445.83,Call,475,2024-01-19,129,3.91,3.93,3.94,4.01,643,15250,+49,10.85%,"14:59 ET"
TLT,94.19,Put,92.5,2023-09-22,10,0.32,0.33,0.33,0.3,671,3742,+49,15.36%,"15:00 ET"
EWZ,31.42,Put,31.5,2023-09-15,3,0.36,0.37,0.38,0.34,1170,3642,+50,30.09%,"14:38 ET"
LABU,4.89,Put,5,2023-09-15,3,0.18,0.19,0.2,0.18,1858,10360,+50,64.17%,"15:18 ET"
QQQ,372.86,Call,380,2023-10-20,38,5.48,5.49,5.5,5.52,2832,31211,+50,16.32%,"15:16 ET"
QQQ,372.86,Put,367,2023-09-13,1,0.22,0.23,0.23,0.24,5062,4093,+51,23.21%,"15:16 ET"
MSOS,8.49,Put,7.5,2023-09-22,10,0.32,0.34,0.36,0.36,682,248,+51,131.04%,"15:07 ET"
UNG,7.07,Call,7.5,2023-10-06,24,0.23,0.24,0.24,0.23,786,807,+51,53.82%,"15:12 ET"
QQQ,372.86,Put,340,2023-11-17,66,2.91,2.92,2.93,2.91,1967,15136,+51,23.42%,"15:15 ET"
SPY,445.83,Call,450,2023-12-15,94,11.8,11.88,11.95,11.95,2036,32677,+51,12.79%,"15:15 ET"
KRE,43.59,Put,43,2023-09-22,10,0.61,0.62,0.62,0.61,1912,2910,+52,32.13%,"15:09 ET"
SPY,445.83,Put,446,2023-09-29,17,5.06,5.07,5.08,5.1,2300,5378,+52,13.70%,"15:15 ET"
QQQ,372.86,Call,372,2023-09-13,1,2.14,2.15,2.16,2.16,2676,1531,+52,23.43%,"15:17 ET"
GDX,28.81,Call,29,2023-11-17,66,1.4,1.42,1.43,1.41,547,4242,+53,27.35%,"14:53 ET"
SPY,445.83,Call,440,2023-09-12,0,5.63,5.68,5.72,5.76,1182,5218,+53,11.29%,"15:16 ET"
QQQ,372.86,Put,373,2023-11-17,66,10.53,10.56,10.58,10.51,2099,3621,+53,18.65%,"15:15 ET"
ARKK,44.07,Put,40,2024-01-19,129,1.95,2,2.04,1.87,1053,13901,+54,39.95%,"13:29 ET"
SPY,445.83,Call,447,2023-09-21,9,2.42,2.43,2.43,2.46,1880,127,+54,10.23%,"15:16 ET"
XLV,132.6,Put,133,2023-10-20,38,1.98,1.99,2.01,1.89,2019,839,+54,12.22%,"12:07 ET"
XLE,92.88,Put,93,2023-09-22,10,1.54,1.56,1.58,1.55,4692,228,+55,24.20%,"15:16 ET"
SPY,445.83,Call,470,2023-12-15,94,3.28,3.29,3.3,3.33,767,28033,+55,10.90%,"15:09 ET"
GLD,177.47,Put,177.5,2023-09-22,10,1.08,1.09,1.1,1.11,823,974,+55,10.30%,"14:35 ET"
GLD,177.47,Call,182.5,2023-09-22,10,0.14,0.15,0.15,0.13,1015,759,+55,11.77%,"14:35 ET"
SPY,445.83,Put,400,2023-10-13,31,0.46,0.46,0.47,0.45,12148,322,+57,22.16%,"15:03 ET"
SPY,445.83,Call,460,2023-10-13,31,1.12,1.13,1.14,1.15,502,862,+57,9.83%,"15:13 ET"
DIA,347.11,Put,340,2023-09-29,17,1.24,1.26,1.28,1.23,680,2079,+57,13.48%,"15:15 ET"
SPY,445.83,Call,463,2023-10-20,38,1.07,1.08,1.08,1.07,758,17258,+57,9.83%,"15:16 ET"
SPY,445.83,Put,396,2023-10-20,38,0.54,0.55,0.55,0.5,1010,3832,+59,22.27%,"14:20 ET"
QQQ,372.86,Call,380,2023-09-29,17,2.56,2.57,2.58,2.53,1736,10544,+59,16.05%,"15:15 ET"
QQQ,372.86,Put,300,2023-12-15,94,1.33,1.34,1.34,1.33,554,123479,+60,29.38%,"15:07 ET"
FEZ,43.55,Put,43,2023-10-20,38,0.65,0.69,0.72,0.68,3059,2253,+61,15.97%,"15:04 ET"
SPY,445.83,Call,457,2023-10-06,24,1.17,1.17,1.18,1.24,565,1178,+63,9.86%,"14:54 ET"
QQQ,372.86,Put,350,2023-10-27,45,2.8,2.82,2.83,2.78,1111,528,+63,21.84%,"15:07 ET"
SPY,445.83,Put,433,2023-09-15,3,0.19,0.2,0.2,0.19,1135,54546,+63,20.12%,"15:15 ET"
EWZ,31.42,Call,32,2023-09-29,17,0.5,0.51,0.51,0.57,1188,58906,+63,26.99%,"13:36 ET"
GLD,177.47,Call,178.5,2023-09-15,3,0.42,0.43,0.43,0.41,1292,901,+63,12.34%,"15:10 ET"
QQQ,372.86,Put,383,2023-09-14,2,10.26,10.33,10.39,8.8,599,199,+64,0.00%,"13:53 ET"
VXX,20.97,Call,22.5,2023-09-15,3,0.09,0.1,0.1,0.1,1076,1007,+64,69.70%,"15:16 ET"
ARKK,44.07,Put,44,2023-10-20,38,1.77,1.81,1.84,1.8,2105,2938,+65,34.76%,"15:00 ET"
HYG,74.68,Put,74,2023-09-29,17,0.17,0.19,0.2,0.18,2500,17848,+65,7.34%,"13:39 ET"
XLU,63.6,Call,63,2023-10-20,38,1.34,1.36,1.37,1.36,541,12131,+67,11.79%,"15:00 ET"
SPY,445.83,Call,442.5,2023-10-06,24,7.56,7.6,7.63,8.05,685,597,+67,11.29%,"14:50 ET"
SPY,445.83,Call,450,2023-09-29,17,2.4,2.41,2.41,2.4,2417,34432,+67,10.12%,"15:15 ET"
SPY,445.83,Put,432,2023-10-13,31,2.49,2.5,2.5,2.5,784,310,+68,15.41%,"15:15 ET"
SPXU,10.75,Call,10.5,2023-09-15,3,0.31,0.32,0.33,0.33,830,1263,+69,44.12%,"15:18 ET"
GLD,177.47,Call,179,2023-09-15,3,0.28,0.29,0.29,0.3,687,3249,+70,12.35%,"15:18 ET"
UNG,7.07,Call,7.5,2023-10-13,31,0.32,0.33,0.34,0.32,1354,614,+70,58.37%,"15:03 ET"
SPY,445.83,Put,437,2023-10-13,31,3.45,3.46,3.46,3.44,1468,441,+70,14.53%,"15:15 ET"
QQQ,372.86,Put,325,2023-09-29,17,0.2,0.21,0.21,0.21,2092,5322,+70,32.29%,"15:16 ET"
SPY,445.83,Call,453,2023-09-19,7,0.29,0.3,0.3,0.3,613,274,+71,9.16%,"15:15 ET"
SPY,445.83,Call,446,2023-09-20,8,2.64,2.65,2.65,2.65,716,1079,+71,10.01%,"15:15 ET"
GDX,28.81,Call,29,2023-10-20,38,0.99,1,1,0.98,580,5037,+72,26.45%,"15:18 ET"
SOXS,10.44,Put,10,2023-09-15,3,0.15,0.18,0.2,0.15,608,753,+72,87.52%,"15:17 ET"
QQQ,372.86,Call,384,2023-09-20,8,0.47,0.48,0.48,0.49,628,154,+72,16.00%,"15:00 ET"
QQQ,372.86,Call,400,2023-10-06,24,0.23,0.24,0.24,0.23,906,1454,+72,14.95%,"15:15 ET"
SPXU,10.75,Call,11,2023-09-22,10,0.17,0.18,0.18,0.17,932,1077,+72,37.51%,"15:10 ET"
QQQ,372.86,Call,373,2023-09-19,7,3.19,3.2,3.21,3.22,572,1508,+73,15.67%,"15:16 ET"
SOXL,20.99,Put,21.5,2023-09-22,10,1.35,1.36,1.37,1.32,732,519,+73,78.89%,"15:16 ET"
QQQ,372.86,Call,378,2023-09-19,7,1.22,1.23,1.23,1.28,1035,442,+73,15.06%,"15:08 ET"
XLV,132.6,Call,133,2023-10-20,38,1.78,1.79,1.8,1.89,2161,544,+73,9.55%,"14:52 ET"
IWM,184.16,Put,186,2023-09-22,10,2.88,2.9,2.92,2.88,626,2943,+74,16.12%,"15:16 ET"
QQQ,372.86,Call,374,2023-09-22,10,3.81,3.82,3.83,3.82,6432,2690,+76,17.27%,"15:15 ET"
SPY,445.83,Call,450,2023-09-14,2,0.47,0.48,0.48,0.48,11443,12240,+76,14.38%,"15:17 ET"
SPY,445.83,Call,520,2024-12-20,465,10.11,10.2,10.28,10.23,1156,10993,+76,12.98%,"15:08 ET"
SPY,445.83,Put,434,2023-09-18,6,0.33,0.34,0.34,0.33,522,483,+77,15.29%,"15:05 ET"
IWM,184.16,Call,189,2023-09-20,8,0.34,0.35,0.36,0.39,571,388,+77,16.19%,"14:56 ET"
KRE,43.59,Put,42,2023-09-22,10,0.3,0.31,0.31,0.31,623,1154,+77,32.61%,"15:18 ET"
XLU,63.6,Put,63,2023-10-20,38,0.97,0.99,1,1,850,2410,+77,16.25%,"15:16 ET"
UNG,7.07,Call,7,2024-01-19,129,1.33,1.35,1.36,1.34,2134,30529,+77,75.33%,"15:13 ET"
QQQ,372.86,Put,377,2023-09-29,17,7.6,7.66,7.72,7.5,652,2324,+78,17.42%,"14:52 ET"
DIA,347.11,Call,347,2023-09-15,3,1.39,1.42,1.44,1.43,1167,863,+79,10.93%,"15:17 ET"
KRE,43.59,Call,44,2023-09-15,3,0.31,0.32,0.32,0.32,4202,9042,+79,29.41%,"15:15 ET"
XLE,92.88,Put,93,2023-09-15,3,0.77,0.78,0.79,0.77,556,1364,+81,19.85%,"15:14 ET"
QQQ,372.86,Put,352,2023-09-22,10,0.44,0.45,0.45,0.41,859,2606,+81,23.84%,"14:42 ET"
SPY,445.83,Call,448,2023-09-21,9,1.99,2,2.01,2.02,859,189,+81,10.20%,"15:16 ET"
TSLL,17.31,Call,20,2023-09-22,10,0.1,0.13,0.15,0.15,1011,483,+82,74.83%,"15:18 ET"
QQQ,372.86,Put,370,2023-10-06,24,5.24,5.26,5.27,5.18,632,1775,+83,18.25%,"15:15 ET"
UVXY,13.94,Call,15.5,2023-09-22,10,0.37,0.38,0.38,0.36,874,1035,+83,94.65%,"15:17 ET"
VXX,20.97,Put,20,2024-01-19,129,2.7,2.74,2.77,2.74,2719,2678,+83,70.43%,"15:09 ET"
KRE,43.59,Put,46,2024-01-19,129,4.15,4.2,4.25,4.1,641,3964,+84,30.89%,"14:03 ET"
QQQ,372.86,Put,380,2023-10-20,38,11.42,11.44,11.46,11.5,694,24945,+84,16.97%,"15:15 ET"
TNA,32.45,Call,33,2023-09-15,3,0.42,0.44,0.46,0.44,785,1180,+85,56.08%,"15:19 ET"
IWM,184.16,Put,177,2023-09-29,17,0.72,0.73,0.74,0.73,1482,8955,+85,20.39%,"15:16 ET"
XLE,92.88,Call,92,2023-09-15,3,1.21,1.22,1.23,1.26,3254,11492,+85,22.40%,"15:08 ET"
TQQQ,40.53,Put,40.5,2023-09-22,10,1.52,1.53,1.53,1.51,1748,1186,+87,57.25%,"15:17 ET"
SPY,445.83,Call,445,2023-09-20,8,3.17,3.18,3.19,3.23,700,2319,+88,10.01%,"15:16 ET"
QQQ,372.86,Put,368,2023-09-19,7,1.77,1.78,1.79,1.76,551,349,+89,18.25%,"15:16 ET"
SPY,445.83,Put,450,2023-09-22,10,6.59,6.7,6.8,6.73,1113,3252,+89,15.15%,"15:16 ET"
ARKK,44.07,Call,44,2023-09-15,3,0.67,0.68,0.69,0.67,849,11834,+90,37.36%,"15:20 ET"
SQQQ,18.5,Call,16,2023-10-27,45,2.69,2.76,2.84,2.73,1342,190,+90,33.62%,"14:54 ET"
SPY,445.83,Put,460,2023-09-15,3,15.49,15.62,15.75,15.51,685,10067,+92,35.34%,"15:16 ET"
LQD,104.49,Put,102,2023-10-20,38,0.4,0.42,0.43,0.41,509,5380,+93,10.64%,"15:08 ET"
KWEB,28,Call,30,2023-10-20,38,0.66,0.67,0.68,0.67,1624,20535,+93,37.85%,"15:15 ET"
QQQ,372.86,Call,375,2023-09-20,8,2.75,2.76,2.77,2.84,1537,246,+94,16.65%,"15:03 ET"
IWM,184.16,Put,175,2024-01-19,129,3.95,3.97,3.99,3.9,8028,20988,+95,20.14%,"14:56 ET"
TLT,94.19,Put,91,2023-10-20,38,0.6,0.61,0.62,0.6,2766,13600,+96,15.52%,"15:13 ET"
SPXU,10.75,Call,10.5,2023-09-29,17,0.44,0.45,0.45,0.42,1066,1789,+97,30.93%,"15:16 ET"
SOXS,10.44,Call,10.5,2023-09-15,3,0.3,0.32,0.35,0.3,838,1906,+98,87.01%,"15:19 ET"
IWM,184.16,Put,185,2023-09-22,10,2.33,2.34,2.36,2.34,1089,1987,+98,16.59%,"15:19 ET"
IWM,184.16,Call,181,2023-09-13,1,3.27,3.3,3.34,4.02,711,142,+99,22.77%,"12:27 ET"
SPY,445.83,Put,441,2023-09-29,17,3.17,3.18,3.18,3.11,866,3288,+99,14.30%,"15:12 ET"
QQQ,372.86,Put,371,2023-09-14,2,1.51,1.52,1.52,1.53,1362,2614,+99,20.56%,"15:16 ET"
"Downloaded from Barchart.com as of 09-12-2023 02:42pm CDT"
